t_s,ax_g,ay_g,az_g,speed_kph
0.000000,0.02586,0.01220,0.00049,60.0000
0.001200,0.02733,0.01366,0.00195,60.0000
0.002401,0.02586,0.01074,0.00195,60.0000
0.003601,0.02098,0.01318,0.00195,60.0000
0.004802,0.02782,0.01318,-0.00098,60.0000
0.006002,0.02635,0.01074,0.00146,60.0000
0.007203,0.02342,0.00976,-0.00146,60.0000
0.008403,0.02684,0.00878,-0.00293,60.0000
0.009604,0.02586,0.00634,-0.00439,60.0000
0.010804,0.02586,0.00537,-0.00098,60.0000
0.012005,0.02489,0.01415,0.00000,60.0000
0.013205,0.02684,0.01025,0.00439,60.0000
0.014406,0.02294,0.00830,-0.00195,60.0000
0.015606,0.02440,0.01464,0.00390,60.0000
0.016807,0.02342,0.01318,-0.00537,60.0000
0.018007,0.02684,0.01025,-0.00098,60.0000
0.019208,0.02489,0.01318,0.00634,60.0000
0.020408,0.02391,0.00976,-0.00146,60.0000
0.021609,0.02245,0.01122,-0.00342,60.0000
0.022809,0.02440,0.01562,-0.00342,60.0000
0.024010,0.02489,0.01318,0.00634,60.0000
0.025210,0.02440,0.00927,0.00342,60.0000
0.026411,0.02879,0.01220,-0.00195,60.0000
0.027611,0.02782,0.01366,-0.00195,60.0000
0.028812,0.01708,0.00976,-0.00781,60.0000
0.030012,0.01952,0.00878,-0.00098,60.0000
0.031212,0.02440,0.01562,0.00439,60.0000
0.032413,0.02391,0.00927,-0.00634,60.0000
0.033613,0.02586,0.00634,0.00293,60.0000
0.034814,0.02586,0.01074,0.00146,60.0000
0.036014,0.03123,0.01708,0.00439,60.0000
0.037215,0.02147,0.01220,-0.00195,60.0000
0.038415,0.02391,0.01318,0.00049,60.0000
0.039616,0.03123,0.00390,0.00390,60.0000
0.040816,0.02684,0.00878,0.00098,60.0000
0.042017,0.02684,0.01415,0.00195,60.0000
0.043217,0.02342,0.00927,-0.00146,60.0000
0.044418,0.02001,0.01415,-0.00098,60.0000
0.045618,0.02538,0.01171,-0.00195,60.0000
0.046819,0.02538,0.01171,0.00000,60.0000
0.048019,0.02147,0.01562,-0.00000,60.0000
0.049220,0.02294,0.00878,-0.00098,60.0000
0.050420,0.02489,0.00878,-0.00683,60.0000
0.051621,0.02196,0.01074,-0.00439,60.0000
0.052821,0.02489,0.01122,-0.00049,60.0000
0.054022,0.02538,0.00537,0.00342,60.0000
0.055222,0.02489,0.01415,-0.00293,60.0000
0.056423,0.02342,0.01122,-0.00195,60.0000
0.057623,0.02684,0.00976,-0.00049,60.0000
0.058824,0.02782,0.01220,0.00244,60.0000
0.060024,0.02586,0.00927,0.00488,60.0000
0.061224,0.02245,0.01415,0.00049,60.0000
0.062425,0.02733,0.01074,-0.00049,60.0000
0.063625,0.02342,0.01269,-0.00244,60.0000
0.064826,0.02782,0.00781,0.00098,60.0000
0.066026,0.02196,0.00976,-0.00098,60.0000
0.067227,0.02782,0.01171,0.00000,60.0000
0.068427,0.02489,0.00781,-0.00293,60.0000
0.069628,0.02147,0.00830,0.00293,60.0000
0.070828,0.02391,0.01025,-0.00146,60.0000
0.072029,0.02538,0.01366,-0.00488,60.0000
0.073229,0.02586,0.01269,-0.00049,60.0000
0.074430,0.02196,0.01318,-0.00342,60.0000
0.075630,0.02147,0.01122,0.00146,60.0000
0.076831,0.02538,0.01318,0.00390,60.0000
0.078031,0.02342,0.01513,0.00146,60.0000
0.079232,0.02586,0.01074,-0.00049,60.0000
0.080432,0.02733,0.01171,-0.00293,60.0000
0.081633,0.02001,0.01220,-0.00195,60.0000
0.082833,0.02586,0.00439,0.00634,60.0000
0.084034,0.02879,0.01025,0.00293,60.0000
0.085234,0.02391,0.01171,-0.00342,60.0000
0.086435,0.02245,0.01269,-0.00293,60.0000
0.087635,0.02733,0.00927,0.00098,60.0000
0.088836,0.02586,0.01318,0.00000,60.0000
0.090036,0.02782,0.00830,0.00000,60.0000
0.091236,0.02391,0.00976,0.00146,60.0000
0.092437,0.02050,0.01562,-0.00342,60.0000
0.093637,0.02489,0.00634,-0.00244,60.0000
0.094838,0.02342,0.01025,0.00293,60.0000
0.096038,0.02733,0.00976,0.00098,60.0000
0.097239,0.02538,0.01025,-0.00098,60.0000
0.098439,0.02001,0.00878,-0.00049,60.0000
0.099640,0.02147,0.01220,0.00195,60.0000
0.100840,0.02782,0.00732,0.00098,60.0000
0.102041,0.02684,0.00634,-0.00195,60.0000
0.103241,0.02294,0.01171,-0.00342,60.0000
0.104442,0.02489,0.00683,0.00244,60.0000
0.105642,0.02635,0.01122,-0.00390,60.0000
0.106843,0.02635,0.01025,0.00586,60.0000
0.108043,0.02782,0.00830,-0.00342,60.0000
0.109244,0.02586,0.00927,-0.00195,60.0000
0.110444,0.02489,0.00976,0.00342,60.0000
0.111645,0.02440,0.01171,0.00439,60.0000
0.112845,0.02830,0.00830,0.00000,60.0000
0.114046,0.01806,0.00976,-0.00830,60.0000
0.115246,0.02440,0.00586,-0.00049,60.0000
0.116447,0.02489,0.00927,-0.00634,60.0000
0.117647,0.02050,0.00439,-0.00146,60.0000
0.118848,0.02586,0.01025,0.00244,60.0000
0.120048,0.02294,0.00878,0.00244,60.0000
0.121248,0.02782,0.01659,0.00049,60.0000
0.122449,0.02440,0.01415,0.00049,60.0000
0.123649,0.02684,0.00976,0.00195,60.0000
0.124850,0.02879,0.01318,-0.00146,60.0000
0.126050,0.02635,0.01122,-0.00098,60.0000
0.127251,0.02245,0.00683,0.00342,60.0000
0.128451,0.02050,0.00293,0.00146,60.0000
0.129652,0.03026,0.01366,0.00342,60.0000
0.130852,0.02489,0.01122,0.00098,60.0000
0.132053,0.02294,0.00439,0.00098,60.0000
0.133253,0.02538,0.01220,0.00244,60.0000
0.134454,0.02440,0.01269,0.00195,60.0000
0.135654,0.02733,0.00830,0.00488,60.0000
0.136855,0.02489,0.01269,0.00195,60.0000
0.138055,0.02489,0.00488,-0.00146,60.0000
0.139256,0.02294,0.00927,-0.00146,60.0000
0.140456,0.02635,0.01025,-0.00293,60.0000
0.141657,0.02196,0.01269,0.00049,60.0000
0.142857,0.02684,0.01122,-0.00195,60.0000
0.144058,0.02977,0.01074,-0.00390,60.0000
0.145258,0.02050,0.01171,0.00195,60.0000
0.146459,0.01757,0.00830,0.00439,60.0000
0.147659,0.02684,0.01464,-0.00488,60.0000
0.148860,0.03270,0.00927,0.00293,60.0000
0.150060,0.02196,0.01269,0.00049,60.0000
0.151261,0.02147,0.01025,-0.00293,60.0000
0.152461,0.02684,0.00927,-0.00195,60.0000
0.153661,0.02245,0.01171,-0.00049,60.0000
0.154862,0.02342,0.01122,0.00683,60.0000
0.156062,0.02391,0.01415,0.00049,60.0000
0.157263,0.02684,0.01318,0.00488,60.0000
0.158463,0.02391,0.00830,-0.00195,60.0000
0.159664,0.02586,0.01171,0.00293,60.0000
0.160864,0.02440,0.01025,0.00244,60.0000
0.162065,0.02245,0.00781,-0.00195,60.0000
0.163265,0.02391,0.00683,-0.00195,60.0000
0.164466,0.02196,0.01074,0.00146,60.0000
0.165666,0.02489,0.00830,-0.00488,60.0000
0.166867,0.02147,0.00586,-0.00000,60.0000
0.168067,0.02196,0.00976,-0.00390,60.0000
0.169268,0.02928,0.01074,-0.00000,60.0000
0.170468,0.02489,0.01025,0.00146,60.0000
0.171669,0.02489,0.00634,0.00195,60.0000
0.172869,0.02635,0.00830,0.00098,60.0000
0.174070,0.02391,0.01415,-0.00049,60.0000
0.175270,0.02440,0.00781,-0.00146,60.0000
0.176471,0.02635,0.00927,-0.00244,60.0000
0.177671,0.02586,0.01708,-0.00195,60.0000
0.178872,0.02147,0.01122,-0.00146,60.0000
0.180072,0.02733,0.00878,-0.00146,60.0000
0.181273,0.02342,0.00439,0.00049,60.0000
0.182473,0.02196,0.01122,-0.00195,60.0000
0.183673,0.02245,0.00586,-0.00488,60.0000
0.184874,0.02391,0.00976,0.00195,60.0000
0.186074,0.02977,0.00732,-0.00244,60.0000
0.187275,0.02147,0.00488,-0.00488,60.0000
0.188475,0.02538,0.01513,-0.00293,60.0000
0.189676,0.01854,0.00976,-0.00098,60.0000
0.190876,0.02489,0.01269,-0.00049,60.0000
0.192077,0.02782,0.01220,0.00049,60.0000
0.193277,0.02440,0.00781,0.00586,60.0000
0.194478,0.02294,0.01025,-0.00390,60.0000
0.195678,0.02586,0.00878,0.00488,60.0000
0.196879,0.02733,0.01269,0.00049,60.0000
0.198079,0.02684,0.01122,-0.00098,60.0000
0.199280,0.03074,0.00878,-0.00683,60.0000
0.200480,0.02586,0.01513,-0.00098,60.0000
0.201681,0.02342,0.01171,0.00195,60.0000
0.202881,0.02440,0.01122,-0.00342,60.0000
0.204082,0.02489,0.00781,-0.00488,60.0000
0.205282,0.02538,0.01122,-0.00390,60.0000
0.206483,0.02489,0.00586,0.00049,60.0000
0.207683,0.02538,0.01122,0.00000,60.0000
0.208884,0.02001,0.00732,0.00488,60.0000
0.210084,0.02733,0.01074,-0.00146,60.0000
0.211285,0.02342,0.00927,0.00244,60.0000
0.212485,0.02147,0.01074,-0.00390,60.0000
0.213685,0.02684,0.01122,-0.00098,60.0000
0.214886,0.02879,0.00976,0.00342,60.0000
0.216086,0.02635,0.00976,-0.00098,60.0000
0.217287,0.02538,0.00537,0.00146,60.0000
0.218487,0.02196,0.00439,-0.00390,60.0000
0.219688,0.03367,0.01366,-0.00293,60.0000
0.220888,0.02782,0.01171,-0.00195,60.0000
0.222089,0.02147,0.00537,-0.00342,60.0000
0.223289,0.02245,0.01562,-0.00146,60.0000
0.224490,0.02538,0.00781,0.00439,60.0000
0.225690,0.02050,0.01171,-0.00098,60.0000
0.226891,0.02538,0.01122,0.00049,60.0000
0.228091,0.02342,0.01025,0.00439,60.0000
0.229292,0.02879,0.01171,-0.00000,60.0000
0.230492,0.02782,0.00586,-0.00049,60.0000
0.231693,0.01708,0.00976,-0.00146,60.0000
0.232893,0.02489,0.00927,0.00342,60.0000
0.234094,0.02001,0.01025,0.00244,60.0000
0.235294,0.02830,0.00927,0.00634,60.0000
0.236495,0.02538,0.00830,0.00634,60.0000
0.237695,0.02684,0.00781,-0.00439,60.0000
0.238896,0.02196,0.01269,0.00244,60.0000
0.240096,0.03026,0.00732,0.00634,60.0000
0.241297,0.03123,0.01122,0.00098,60.0000
0.242497,0.02196,0.01122,0.00049,60.0000
0.243697,0.02635,0.00976,-0.00342,60.0000
0.244898,0.02294,0.01122,0.00342,60.0000
0.246098,0.02489,0.01171,-0.00293,60.0000
0.247299,0.02098,0.00830,0.00049,60.0000
0.248499,0.03074,0.01122,-0.00098,60.0000
0.249700,0.02196,0.01562,0.00146,60.0000
0.250900,0.02391,0.00683,-0.00146,60.0000
0.252101,0.02635,0.00927,-0.00146,60.0000
0.253301,0.02294,0.00781,0.00293,60.0000
0.254502,0.02440,0.01610,-0.00000,60.0000
0.255702,0.02342,0.00586,0.00293,60.0000
0.256903,0.02440,0.01025,-0.00195,60.0000
0.258103,0.02147,0.01269,0.00439,60.0000
0.259304,0.02391,0.00732,0.00146,60.0000
0.260504,0.02440,0.00976,0.00390,60.0000
0.261705,0.02391,0.00781,0.00244,60.0000
0.262905,0.02538,0.00586,-0.00488,60.0000
0.264106,0.02391,0.00976,-0.00781,60.0000
0.265306,0.02733,0.01171,0.00342,60.0000
0.266507,0.02391,0.00878,-0.00146,60.0000
0.267707,0.02440,0.01025,-0.00098,60.0000
0.268908,0.02294,0.01220,-0.00244,60.0000
0.270108,0.02342,0.01366,-0.00146,60.0000
0.271309,0.02098,0.00634,0.00098,60.0000
0.272509,0.02635,0.01171,0.00293,60.0000
0.273709,0.02147,0.00830,-0.00098,60.0000
0.274910,0.02294,0.00439,-0.00634,60.0000
0.276110,0.02586,0.00781,0.00195,60.0000
0.277311,0.02635,0.01171,0.00098,60.0000
0.278511,0.02391,0.01074,-0.00195,60.0000
0.279712,0.01903,0.00683,-0.00390,60.0000
0.280912,0.02635,0.01464,-0.00390,60.0000
0.282113,0.02586,0.01122,0.00390,60.0000
0.283313,0.02098,0.00976,-0.00195,60.0000
0.284514,0.02733,0.00830,0.00342,60.0000
0.285714,0.02294,0.01122,-0.00098,60.0000
0.286915,0.02147,0.00878,0.00244,60.0000
0.288115,0.02538,0.01318,-0.00293,60.0000
0.289316,0.02440,0.01074,-0.00390,60.0000
0.290516,0.02538,0.01171,-0.00049,60.0000
0.291717,0.02001,0.00927,-0.00537,60.0000
0.292917,0.03026,0.00537,-0.00390,60.0000
0.294118,0.02342,0.01171,0.00146,60.0000
0.295318,0.02050,0.00683,0.00488,60.0000
0.296519,0.02684,0.00976,0.00049,60.0000
0.297719,0.02391,0.00976,-0.00488,60.0000
0.298920,0.02586,0.00781,-0.00293,60.0000
0.300120,0.02391,0.01269,0.00049,60.0000
0.301321,0.02489,0.00586,-0.00049,60.0000
0.302521,0.02586,0.01464,0.00732,60.0000
0.303721,0.02294,0.00830,0.00586,60.0000
0.304922,0.02684,0.01269,-0.00098,60.0000
0.306122,0.02342,0.01366,0.00634,60.0000
0.307323,0.02245,0.00732,-0.00293,60.0000
0.308523,0.02538,0.00781,-0.00293,60.0000
0.309724,0.02635,0.01269,0.00439,60.0000
0.310924,0.02440,0.01074,-0.00293,60.0000
0.312125,0.02245,0.01025,-0.00146,60.0000
0.313325,0.02684,0.00439,0.00488,60.0000
0.314526,0.01952,0.00488,-0.00146,60.0000
0.315726,0.02196,0.01171,0.00390,60.0000
0.316927,0.02489,0.01415,0.00195,60.0000
0.318127,0.02098,0.00781,-0.00146,60.0000
0.319328,0.02489,0.00732,0.00195,60.0000
0.320528,0.02489,0.01074,0.00342,60.0000
0.321729,0.02782,0.01122,0.00244,60.0000
0.322929,0.02245,0.01171,-0.00244,60.0000
0.324130,0.02294,0.00878,0.00293,60.0000
0.325330,0.02586,0.00439,-0.00683,60.0000
0.326531,0.01757,0.01415,-0.00098,60.0000
0.327731,0.03416,0.00830,0.00000,60.0000
0.328932,0.02294,0.01366,0.00293,60.0000
0.330132,0.02294,0.00390,0.00439,60.0000
0.331333,0.02782,0.01122,-0.00390,60.0000
0.332533,0.02489,0.00830,-0.00146,60.0000
0.333733,0.01952,0.00683,-0.00049,60.0000
0.334934,0.02684,0.01269,-0.00146,60.0000
0.336134,0.02733,0.01366,0.00098,60.0000
0.337335,0.02342,0.00830,0.00195,60.0000
0.338535,0.02391,0.01171,0.00195,60.0000
0.339736,0.02635,0.00683,-0.00098,60.0000
0.340936,0.02245,0.00830,0.00976,60.0000
0.342137,0.02635,0.00927,-0.00342,60.0000
0.343337,0.02538,0.00878,-0.00049,60.0000
0.344538,0.02294,0.01171,0.00488,60.0000
0.345738,0.02098,0.00634,0.00244,60.0000
0.346939,0.02440,0.01269,0.00244,60.0000
0.348139,0.02245,0.01269,0.00390,60.0000
0.349340,0.02782,0.00927,-0.00049,60.0000
0.350540,0.02538,0.00634,0.00049,60.0000
0.351741,0.02733,0.00293,0.00342,60.0000
0.352941,0.02538,0.00976,0.00488,60.0000
0.354142,0.02586,0.00781,-0.00390,60.0000
0.355342,0.02245,0.01025,-0.00146,60.0000
0.356543,0.02684,0.00683,0.00000,60.0000
0.357743,0.03026,0.01025,0.00293,60.0000
0.358944,0.02391,0.00976,-0.00342,60.0000
0.360144,0.02342,0.01025,0.00293,60.0000
0.361345,0.02440,0.01074,-0.00195,60.0000
0.362545,0.02342,0.01074,0.00244,60.0000
0.363745,0.02294,0.01269,0.00098,60.0000
0.364946,0.02538,0.00781,0.00488,60.0000
0.366146,0.02391,0.01220,-0.00293,60.0000
0.367347,0.02928,0.01025,0.00195,60.0000
0.368547,0.02489,0.00878,-0.00049,60.0000
0.369748,0.02586,0.00683,-0.00195,60.0000
0.370948,0.02782,0.01415,0.00293,60.0000
0.372149,0.02391,0.01074,-0.00293,60.0000
0.373349,0.02928,0.00830,0.00244,60.0000
0.374550,0.02294,0.01025,-0.00293,60.0000
0.375750,0.02245,0.01025,-0.00342,60.0000
0.376951,0.02391,0.00830,0.00244,60.0000
0.378151,0.00488,0.00586,0.00683,60.0000
0.379352,-0.01903,0.01025,0.00146,60.0000
0.380552,-0.03514,0.00976,-0.00293,59.9375
0.381753,-0.06002,0.00927,0.00098,59.9375
0.382953,-0.07076,0.01269,-0.00098,59.9375
0.384154,-0.09516,0.00634,-0.00195,59.9375
0.385354,-0.11712,0.00732,0.00049,59.9375
0.386555,-0.13762,0.01025,0.00146,59.9375
0.387755,-0.15616,0.01269,0.00244,59.9375
0.388956,-0.17568,0.01171,-0.00293,59.9375
0.390156,-0.19813,0.01220,0.00488,59.9375
0.391357,-0.21765,0.00342,-0.00098,59.9375
0.392557,-0.23570,0.01171,-0.00488,59.9375
0.393758,-0.25669,0.01122,-0.00244,59.9375
0.394958,-0.27230,0.01220,0.00049,59.9375
0.396158,-0.29182,0.00781,-0.00244,59.9375
0.397359,-0.31476,0.01171,0.00049,59.9375
0.398559,-0.33379,0.01318,-0.00293,59.9375
0.399760,-0.35917,0.01464,0.00293,59.9375
0.400960,-0.37332,0.01074,0.00049,59.8125
0.402161,-0.39528,0.00586,-0.00098,59.8125
0.403361,-0.41334,0.01025,0.00293,59.8125
0.404562,-0.43042,0.01171,-0.00293,59.8125
0.405762,-0.46165,0.01171,-0.00049,59.8125
0.406963,-0.47434,0.01562,0.00195,59.8125
0.408163,-0.49825,0.00927,0.00098,59.8125
0.409364,-0.51338,0.00683,0.00000,59.8125
0.410564,-0.53875,0.00830,0.00244,59.6250
0.411765,-0.55632,0.01220,-0.00146,59.6250
0.412965,-0.57438,0.00781,-0.00000,59.6250
0.414166,-0.59292,0.00683,-0.00293,59.6250
0.415366,-0.61488,0.00732,-0.00049,59.6250
0.416567,-0.63733,0.01366,-0.00342,59.6250
0.417767,-0.65685,0.01074,-0.00342,59.6250
0.418968,-0.67246,0.00927,-0.00000,59.6250
0.420168,-0.69491,0.01269,-0.00293,59.3750
0.421369,-0.72029,0.01220,0.00244,59.3750
0.422569,-0.73249,0.00732,0.00293,59.3750
0.423770,-0.75396,0.01269,0.00146,59.3750
0.424970,-0.77250,0.01074,0.00195,59.3750
0.426170,-0.77592,0.00390,0.00146,59.3750
0.427371,-0.77250,0.00634,-0.00439,59.3750
0.428571,-0.77836,0.01074,-0.00342,59.3750
0.429772,-0.77348,0.01171,0.00098,59.3750
0.430972,-0.77641,0.00927,-0.00342,59.1250
0.432173,-0.77299,0.00732,-0.00195,59.1250
0.433373,-0.77202,0.01074,-0.00000,59.1250
0.434574,-0.77738,0.00439,0.00098,59.1250
0.435774,-0.77494,0.01171,-0.00488,59.1250
0.436975,-0.77494,0.00976,-0.00000,59.1250
0.438175,-0.77153,0.00976,0.00244,59.1250
0.439376,-0.77299,0.00830,0.00098,59.1250
0.440576,-0.77885,0.01269,0.00439,58.8125
0.441777,-0.77348,0.00293,-0.00146,58.8125
0.442977,-0.77299,0.00732,0.00390,58.8125
0.444178,-0.76860,0.01171,0.00634,58.8125
0.445378,-0.77982,0.00781,0.00195,58.8125
0.446579,-0.77641,0.01415,0.00293,58.8125
0.447779,-0.77104,0.01122,0.00293,58.8125
0.448980,-0.77885,0.00781,-0.00683,58.8125
0.450180,-0.77836,0.01318,-0.00195,58.5625
0.451381,-0.77348,0.00976,0.00342,58.5625
0.452581,-0.77202,0.01171,-0.00390,58.5625
0.453782,-0.77690,0.00830,0.00098,58.5625
0.454982,-0.77348,0.00830,0.00146,58.5625
0.456182,-0.77446,0.01220,0.00390,58.5625
0.457383,-0.77055,0.01025,-0.00049,58.5625
0.458583,-0.77494,0.00781,0.00244,58.5625
0.459784,-0.77202,0.00732,-0.00000,58.5625
0.460984,-0.77787,0.01220,0.00488,58.2500
0.462185,-0.77543,0.01513,-0.00195,58.2500
0.463385,-0.77543,0.00781,-0.00146,58.2500
0.464586,-0.77153,0.01220,0.00098,58.2500
0.465786,-0.77348,0.00146,0.00488,58.2500
0.466987,-0.77738,0.00586,0.00049,58.2500
0.468187,-0.77299,0.01220,-0.00000,58.2500
0.469388,-0.77250,0.01464,-0.00195,58.2500
0.470588,-0.77543,0.01025,0.00293,58.0000
0.471789,-0.77592,0.01171,-0.00195,58.0000
0.472989,-0.77543,0.01074,-0.00098,58.0000
0.474190,-0.78031,0.01318,-0.00098,58.0000
0.475390,-0.77446,0.00683,0.00342,58.0000
0.476591,-0.77446,0.01220,-0.00244,58.0000
0.477791,-0.77738,0.00878,-0.00244,58.0000
0.478992,-0.77299,0.00927,0.00049,58.0000
0.480192,-0.77934,0.01025,0.00000,57.6875
0.481393,-0.77690,0.00976,-0.00439,57.6875
0.482593,-0.77641,0.00781,-0.00293,57.6875
0.483794,-0.76909,0.00927,-0.00195,57.6875
0.484994,-0.77982,0.00732,0.00000,57.6875
0.486194,-0.77348,0.01464,-0.00244,57.6875
0.487395,-0.77202,0.01220,0.00586,57.6875
0.488595,-0.77397,0.00878,0.00049,57.6875
0.489796,-0.77153,0.01464,0.00342,57.6875
0.490996,-0.77787,0.01415,0.00098,57.4375
0.492197,-0.78178,0.01171,0.00049,57.4375
0.493397,-0.77250,0.00878,0.00195,57.4375
0.494598,-0.77836,0.01074,-0.00098,57.4375
0.495798,-0.77592,0.01171,-0.00537,57.4375
0.496999,-0.77836,0.01415,0.00146,57.4375
0.498199,-0.77202,0.00976,-0.00244,57.4375
0.499400,-0.77250,0.00830,0.00390,57.4375
0.500600,-0.77738,0.01708,-0.00293,57.1250
0.501801,-0.77250,0.01415,0.00049,57.1250
0.503001,-0.77446,0.01122,0.00000,57.1250
0.504202,-0.77543,0.00732,-0.00195,57.1250
0.505402,-0.77494,0.01171,-0.00146,57.1250
0.506603,-0.77543,0.01366,-0.00049,57.1250
0.507803,-0.77299,0.01220,0.00049,57.1250
0.509004,-0.77397,0.01269,0.00049,57.1250
0.510204,-0.77592,0.01025,0.00000,56.8750
0.511405,-0.77202,0.01366,-0.00000,56.8750
0.512605,-0.77690,0.00830,-0.00683,56.8750
0.513806,-0.77397,0.00878,0.00390,56.8750
0.515006,-0.77397,0.00878,0.00195,56.8750
0.516206,-0.77055,0.00830,-0.00390,56.8750
0.517407,-0.77641,0.01610,-0.00244,56.8750
0.518607,-0.76958,0.00537,-0.00634,56.8750
0.519808,-0.77446,0.01074,-0.00878,56.8750
0.521008,-0.77543,0.00732,-0.00146,56.5625
0.522209,-0.77690,0.00634,0.00488,56.5625
0.523409,-0.77348,0.01025,0.00049,56.5625
0.524610,-0.77494,0.00537,0.00049,56.5625
0.525810,-0.77836,0.00976,0.00000,56.5625
0.527011,-0.77836,0.01708,0.00195,56.5625
0.528211,-0.77690,0.00976,-0.00000,56.5625
0.529412,-0.77690,0.01171,-0.00244,56.5625
0.530612,-0.77153,0.00781,-0.00195,56.3125
0.531813,-0.77104,0.01171,0.00195,56.3125
0.533013,-0.77250,0.00586,-0.00146,56.3125
0.534214,-0.77397,0.01074,-0.00586,56.3125
0.535414,-0.77641,0.00976,0.00146,56.3125
0.536615,-0.77494,0.01659,0.00049,56.3125
0.537815,-0.77250,0.00976,0.00390,56.3125
0.539016,-0.76860,0.00878,0.00049,56.3125
0.540216,-0.77250,0.00830,0.00000,56.0000
0.541417,-0.77592,0.00634,-0.00049,56.0000
0.542617,-0.77494,0.01220,-0.00244,56.0000
0.543818,-0.77641,0.01415,0.00098,56.0000
0.545018,-0.77738,0.00878,-0.00146,56.0000
0.546218,-0.77543,0.01220,-0.00293,56.0000
0.547419,-0.77446,0.00878,-0.00049,56.0000
0.548619,-0.76958,0.01122,0.00049,56.0000
0.549820,-0.77494,0.01122,0.00098,56.0000
0.551020,-0.77104,0.00586,0.00195,55.6875
0.552221,-0.76958,0.00781,0.00634,55.6875
0.553421,-0.77494,0.01269,-0.00098,55.6875
0.554622,-0.77006,0.00439,0.00390,55.6875
0.555822,-0.77299,0.01025,-0.00000,55.6875
0.557023,-0.77641,0.00878,0.00049,55.6875
0.558223,-0.77397,0.00732,0.00244,55.6875
0.559424,-0.77494,0.01025,-0.00244,55.6875
0.560624,-0.77592,0.01074,-0.00049,55.4375
0.561825,-0.77543,0.01171,0.00195,55.4375
0.563025,-0.77446,0.00195,-0.00439,55.4375
0.564226,-0.77348,0.01513,-0.00293,55.4375
0.565426,-0.77787,0.00878,-0.00146,55.4375
0.566627,-0.77494,0.01318,-0.00000,55.4375
0.567827,-0.77934,0.00976,0.00244,55.4375
0.569028,-0.77446,0.00830,-0.00390,55.4375
0.570228,-0.77299,0.00976,0.00439,55.1875
0.571429,-0.77446,0.01952,0.00195,55.1875
0.572629,-0.77397,0.01464,0.00195,55.1875
0.573830,-0.77299,0.00878,-0.00586,55.1875
0.575030,-0.77690,0.01074,0.00098,55.1875
0.576230,-0.77592,0.01318,-0.00244,55.1875
0.577431,-0.77348,0.01171,0.00195,55.1875
0.578631,-0.77202,0.01025,-0.00049,55.1875
0.579832,-0.77397,0.00927,-0.00146,55.1875
0.581032,-0.76714,0.00683,-0.00293,54.8750
0.582233,-0.77543,0.01220,-0.00098,54.8750
0.583433,-0.77202,0.01318,0.00195,54.8750
0.584634,-0.77104,0.01659,-0.00488,54.8750
0.585834,-0.77543,0.00830,-0.00244,54.8750
0.587035,-0.77738,0.01220,-0.00098,54.8750
0.588235,-0.77836,0.00976,-0.00049,54.8750
0.589436,-0.77446,0.01366,-0.00146,54.8750
0.590636,-0.77153,0.00976,0.00049,54.6250
0.591837,-0.77397,0.00830,0.00000,54.6250
0.593037,-0.77446,0.00488,-0.00634,54.6250
0.594238,-0.77592,0.01220,0.00293,54.6250
0.595438,-0.77348,0.01074,-0.00439,54.6250
0.596639,-0.78129,0.01318,0.00342,54.6250
0.597839,-0.77446,0.00830,0.00244,54.6250
0.599040,-0.77494,0.01757,-0.00537,54.6250
0.600240,-0.77934,0.00781,0.00049,54.3125
0.601441,-0.76860,0.01171,0.00390,54.3125
0.602641,-0.77934,0.01122,0.00390,54.3125
0.603842,-0.77836,0.01318,0.00049,54.3125
0.605042,-0.77836,0.00927,-0.00244,54.3125
0.606242,-0.77153,0.00732,0.00342,54.3125
0.607443,-0.77787,0.00683,-0.00439,54.3125
0.608643,-0.77299,0.01269,-0.00439,54.3125
0.609844,-0.77348,0.01025,0.00244,54.3125
0.611044,-0.77446,0.01122,-0.00390,54.0000
0.612245,-0.77885,0.00732,0.00146,54.0000
0.613445,-0.77690,0.01025,-0.00342,54.0000
0.614646,-0.77006,0.01074,-0.00195,54.0000
0.615846,-0.77885,0.01171,0.00342,54.0000
0.617047,-0.77738,0.00586,-0.00049,54.0000
0.618247,-0.77543,0.00781,0.00195,54.0000
0.619448,-0.77250,0.01513,-0.00049,54.0000
0.620648,-0.77446,0.00878,-0.00146,53.7500
0.621849,-0.77299,0.00976,-0.00195,53.7500
0.623049,-0.77836,0.00878,-0.00293,53.7500
0.624250,-0.77202,0.00537,0.00098,53.7500
0.625450,-0.77348,0.00683,0.00146,53.7500
0.626651,-0.77982,0.01122,0.00488,53.7500
0.627851,-0.77055,0.00781,0.00098,53.7500
0.629052,-0.76811,0.01610,-0.00098,53.7500
0.630252,-0.77738,0.00537,0.00146,53.5000
0.631453,-0.77494,0.00439,0.00439,53.5000
0.632653,-0.77104,0.00878,-0.00439,53.5000
0.633854,-0.77934,0.00634,0.00488,53.5000
0.635054,-0.78080,0.01415,-0.00244,53.5000
0.636255,-0.77885,0.00878,-0.00244,53.5000
0.637455,-0.77690,0.01171,0.00781,53.5000
0.638655,-0.77690,0.00586,0.00342,53.5000
0.639856,-0.77299,0.01220,-0.00146,53.5000
0.641056,-0.77397,0.01171,0.00244,53.1875
0.642257,-0.77885,0.01366,0.00390,53.1875
0.643457,-0.77348,0.01074,0.00195,53.1875
0.644658,-0.76958,0.01171,0.00342,53.1875
0.645858,-0.77153,0.01025,0.00098,53.1875
0.647059,-0.77202,0.01269,0.00146,53.1875
0.648259,-0.77494,0.00878,-0.00342,53.1875
0.649460,-0.77202,0.01171,-0.00293,53.1875
0.650660,-0.77787,0.00830,0.00049,52.8750
0.651861,-0.77250,0.01220,-0.00390,52.8750
0.653061,-0.77543,0.00927,0.00195,52.8750
0.654262,-0.77153,0.00781,-0.00049,52.8750
0.655462,-0.77348,0.00781,0.00342,52.8750
0.656663,-0.77836,0.01415,0.00244,52.8750
0.657863,-0.77446,0.00537,-0.00146,52.8750
0.659064,-0.77153,0.00537,-0.00830,52.8750
0.660264,-0.77836,0.01171,-0.00439,52.6250
0.661465,-0.77690,0.00683,0.00000,52.6250
0.662665,-0.77738,0.00878,0.00634,52.6250
0.663866,-0.77934,0.00830,0.00000,52.6250
0.665066,-0.77202,0.01659,0.00195,52.6250
0.666267,-0.77104,0.00781,-0.00000,52.6250
0.667467,-0.77250,0.00781,-0.00781,52.6250
0.668667,-0.77446,0.00878,0.00195,52.6250
0.669868,-0.77494,0.01074,-0.00098,52.6250
0.671068,-0.77446,0.01171,-0.00439,52.3125
0.672269,-0.77738,0.00537,0.00195,52.3125
0.673469,-0.77250,0.01122,-0.00000,52.3125
0.674670,-0.77202,0.01562,0.00878,52.3125
0.675870,-0.77202,0.00439,-0.00683,52.3125
0.677071,-0.77641,0.01171,-0.00244,52.3125
0.678271,-0.77494,0.01220,0.00000,52.3125
0.679472,-0.77543,0.01025,-0.00098,52.3125
0.680672,-0.76958,0.00927,0.00195,52.0625
0.681873,-0.77446,0.00293,0.00244,52.0625
0.683073,-0.78080,0.01366,0.00146,52.0625
0.684274,-0.77397,0.00878,0.00000,52.0625
0.685474,-0.76958,0.00927,-0.00195,52.0625
0.686675,-0.77299,0.01366,0.00049,52.0625
0.687875,-0.77250,0.00293,0.00293,52.0625
0.689076,-0.77494,0.00976,0.00049,52.0625
0.690276,-0.78080,0.01171,-0.00634,51.7500
0.691477,-0.78031,0.01220,0.00488,51.7500
0.692677,-0.77885,0.01171,-0.00146,51.7500
0.693878,-0.77543,0.01610,0.00244,51.7500
0.695078,-0.77397,0.01074,-0.00146,51.7500
0.696279,-0.77299,0.01318,0.00342,51.7500
0.697479,-0.77592,0.01220,-0.00098,51.7500
0.698679,-0.77202,0.00537,0.00439,51.7500
0.699880,-0.77592,0.00781,0.00390,51.7500
0.701080,-0.77690,0.01610,-0.00195,51.5000
0.702281,-0.77250,0.00927,-0.00878,51.5000
0.703481,-0.77787,0.00976,0.00098,51.5000
0.704682,-0.78324,0.00586,-0.00293,51.5000
0.705882,-0.77836,0.00878,0.00293,51.5000
0.707083,-0.77494,0.00586,0.00098,51.5000
0.708283,-0.78422,0.00830,-0.00098,51.5000
0.709484,-0.77592,0.01171,-0.00293,51.5000
0.710684,-0.77592,0.00732,-0.00244,51.1875
0.711885,-0.77934,0.00830,0.00439,51.1875
0.713085,-0.77934,0.01415,0.00293,51.1875
0.714286,-0.77641,0.01122,-0.00049,51.1875
0.715486,-0.77641,0.01171,0.00098,51.1875
0.716687,-0.77104,0.01318,0.00293,51.1875
0.717887,-0.77397,0.00830,-0.00049,51.1875
0.719088,-0.77982,0.00878,-0.00537,51.1875
0.720288,-0.77738,0.00390,0.00488,50.9375
0.721489,-0.77299,0.01220,-0.00098,50.9375
0.722689,-0.76909,0.00927,-0.00195,50.9375
0.723890,-0.77397,0.00976,0.00000,50.9375
0.725090,-0.77397,0.00683,-0.00293,50.9375
0.726291,-0.76958,0.01171,-0.00342,50.9375
0.727491,-0.77494,0.01171,0.00049,50.9375
0.728691,-0.77592,0.01074,-0.00195,50.9375
0.729892,-0.77934,0.00537,0.00146,50.9375
0.731092,-0.77641,0.00732,0.00146,50.6250
0.732293,-0.76860,0.00976,0.00586,50.6250
0.733493,-0.77934,0.00732,-0.00098,50.6250
0.734694,-0.77494,0.01122,0.00049,50.6250
0.735894,-0.77934,0.01318,-0.00146,50.6250
0.737095,-0.77446,0.00781,0.00342,50.6250
0.738295,-0.77250,0.00927,0.00146,50.6250
0.739496,-0.77592,0.00781,0.00098,50.6250
0.740696,-0.77299,0.01318,0.00586,50.3750
0.741897,-0.77299,0.01269,0.00098,50.3750
0.743097,-0.77348,0.01806,0.00098,50.3750
0.744298,-0.77006,0.01025,-0.00390,50.3750
0.745498,-0.77250,0.00732,-0.00537,50.3750
0.746699,-0.77592,0.01122,-0.00146,50.3750
0.747899,-0.77690,0.00927,0.00049,50.3750
0.749100,-0.77738,0.01074,-0.00342,50.3750
0.750300,-0.77348,0.01366,-0.00293,50.0625
0.751501,-0.77592,0.00927,0.00244,50.0625
0.752701,-0.76665,0.01220,-0.00146,50.0625
0.753902,-0.76958,0.00342,-0.00146,50.0625
0.755102,-0.77543,0.01318,-0.00098,50.0625
0.756303,-0.77592,0.01025,-0.00342,50.0625
0.757503,-0.77006,0.00927,0.00244,50.0625
0.758703,-0.78080,0.00830,0.00439,50.0625
0.759904,-0.77641,0.01415,0.00342,50.0625
0.761104,-0.77202,0.00830,0.00488,49.7500
0.762305,-0.77787,0.01366,-0.00586,49.7500
0.763505,-0.77641,0.00830,0.00293,49.7500
0.764706,-0.77592,0.01025,-0.00049,49.7500
0.765906,-0.77299,0.01122,0.00439,49.7500
0.767107,-0.77446,0.01610,-0.00195,49.7500
0.768307,-0.77397,0.01074,0.00244,49.7500
0.769508,-0.77299,0.01074,0.00537,49.7500
0.770708,-0.77494,0.00976,0.00195,49.5000
0.771909,-0.77153,0.00927,0.00049,49.5000
0.773109,-0.77738,0.00830,-0.00049,49.5000
0.774310,-0.77934,0.01562,0.00195,49.5000
0.775510,-0.78031,0.01464,-0.00049,49.5000
0.776711,-0.77982,0.00781,-0.00342,49.5000
0.777911,-0.77641,0.01074,0.00195,49.5000
0.779112,-0.77202,0.00634,0.00537,49.5000
0.780312,-0.77446,0.01269,0.00146,49.2500
0.781513,-0.77690,0.01220,0.00342,49.2500
0.782713,-0.77836,0.01025,0.00390,49.2500
0.783914,-0.77641,0.00781,0.00049,49.2500
0.785114,-0.77641,0.01220,0.00000,49.2500
0.786315,-0.77690,0.01171,-0.00244,49.2500
0.787515,-0.77934,0.00927,0.00098,49.2500
0.788715,-0.77641,0.01220,0.00195,49.2500
0.789916,-0.77202,0.00586,-0.00244,49.2500
0.791116,-0.78129,0.00830,-0.00049,48.9375
0.792317,-0.77592,0.00732,0.00342,48.9375
0.793517,-0.78129,0.01025,-0.00195,48.9375
0.794718,-0.77446,0.01513,0.00244,48.9375
0.795918,-0.77738,0.01025,0.00146,48.9375
0.797119,-0.78129,0.01366,-0.00049,48.9375
0.798319,-0.77446,0.00976,0.00293,48.9375
0.799520,-0.76958,0.00878,0.00195,48.9375
0.800720,-0.77446,0.01318,0.00000,48.6875
0.801921,-0.77153,0.01171,0.00049,48.6875
0.803121,-0.77543,0.01415,0.00146,48.6875
0.804322,-0.78129,0.01318,0.00195,48.6875
0.805522,-0.77348,0.00781,0.00146,48.6875
0.806723,-0.77641,0.00244,0.00244,48.6875
0.807923,-0.77934,0.01025,-0.00146,48.6875
0.809124,-0.77250,0.00634,0.00488,48.6875
0.810324,-0.77397,0.00586,-0.00000,48.3750
0.811525,-0.77641,0.00537,-0.00049,48.3750
0.812725,-0.77250,0.00830,0.00439,48.3750
0.813926,-0.77738,0.00927,0.00342,48.3750
0.815126,-0.77299,0.01025,-0.00537,48.3750
0.816327,-0.77787,0.01610,0.00000,48.3750
0.817527,-0.77348,0.00634,0.00244,48.3750
0.818727,-0.77836,0.00976,0.00195,48.3750
0.819928,-0.77055,0.00634,-0.00488,48.3750
0.821128,-0.77446,0.00683,-0.00195,48.0625
0.822329,-0.77055,0.01025,-0.00195,48.0625
0.823529,-0.77738,0.01122,0.00195,48.0625
0.824730,-0.77641,0.00634,0.00293,48.0625
0.825930,-0.77250,0.01366,0.00146,48.0625
0.827131,-0.78324,0.00732,0.00000,48.0625
0.828331,-0.77836,0.01269,-0.00195,48.0625
0.829532,-0.77202,0.00976,0.00342,48.0625
0.830732,-0.77348,0.01269,-0.00634,47.8125
0.831933,-0.77202,0.01171,0.00195,47.8125
0.833133,-0.77592,0.00927,0.00195,47.8125
0.834334,-0.77348,0.01122,0.00098,47.8125
0.835534,-0.77738,0.00586,0.00000,47.8125
0.836735,-0.77934,0.00634,0.00049,47.8125
0.837935,-0.78031,0.00878,0.00244,47.8125
0.839136,-0.77690,0.01415,-0.00195,47.8125
0.840336,-0.77641,0.00781,0.00244,47.5625
0.841537,-0.77690,0.00830,0.00000,47.5625
0.842737,-0.78568,0.01513,0.00049,47.5625
0.843938,-0.78080,0.01025,-0.00781,47.5625
0.845138,-0.77641,0.01025,-0.00390,47.5625
0.846339,-0.77397,0.00683,-0.00049,47.5625
0.847539,-0.77690,0.01025,-0.00195,47.5625
0.848739,-0.77787,0.01171,0.00293,47.5625
0.849940,-0.78178,0.00976,-0.00439,47.5625
0.851140,-0.76909,0.01220,0.00390,47.2500
0.852341,-0.77836,0.01122,0.00244,47.2500
0.853541,-0.77006,0.01318,0.00098,47.2500
0.854742,-0.77055,0.01269,-0.00146,47.2500
0.855942,-0.77397,0.00976,-0.00342,47.2500
0.857143,-0.77690,0.01269,-0.00342,47.2500
0.858343,-0.77446,0.01562,-0.00195,47.2500
0.859544,-0.77836,0.01074,0.00000,47.2500
0.860744,-0.77446,0.00634,0.00195,46.9375
0.861945,-0.77494,0.01074,0.00244,46.9375
0.863145,-0.77348,0.00927,0.00342,46.9375
0.864346,-0.77202,0.01757,0.00342,46.9375
0.865546,-0.76958,0.01220,-0.00195,46.9375
0.866747,-0.77641,0.00683,-0.00146,46.9375
0.867947,-0.77202,0.00927,0.00342,46.9375
0.869148,-0.77738,0.01415,-0.00244,46.9375
0.870348,-0.77787,0.00634,0.00342,46.6875
0.871549,-0.77690,0.00830,0.00049,46.6875
0.872749,-0.77787,0.00976,-0.00390,46.6875
0.873950,-0.77202,0.00976,0.00146,46.6875
0.875150,-0.77202,0.00830,0.00098,46.6875
0.876351,-0.77104,0.01025,-0.00244,46.6875
0.877551,-0.77494,0.00586,-0.00683,46.6875
0.878752,-0.77397,0.00830,0.00098,46.6875
0.879952,-0.77690,0.00830,0.00146,46.6875
0.881152,-0.77836,0.00927,0.00244,46.3750
0.882353,-0.77348,0.00927,0.00146,46.3750
0.883553,-0.77397,0.00976,-0.00195,46.3750
0.884754,-0.77836,0.00878,-0.00488,46.3750
0.885954,-0.77348,0.00878,-0.00000,46.3750
0.887155,-0.78031,0.01122,0.00293,46.3750
0.888355,-0.77543,0.01269,-0.00000,46.3750
0.889556,-0.77690,0.01269,-0.00342,46.3750
0.890756,-0.77641,0.00634,-0.00488,46.1250
0.891957,-0.77836,0.01074,-0.00781,46.1250
0.893157,-0.77202,0.01220,0.00098,46.1250
0.894358,-0.77348,0.00927,0.00146,46.1250
0.895558,-0.77153,0.01122,-0.00634,46.1250
0.896759,-0.77446,0.00927,-0.00146,46.1250
0.897959,-0.77885,0.01122,0.00439,46.1250
0.899160,-0.77592,0.00537,-0.00634,46.1250
0.900360,-0.77836,0.01122,0.00488,45.8750
0.901561,-0.77348,0.00830,0.00390,45.8750
0.902761,-0.77153,0.00781,0.00293,45.8750
0.903962,-0.77397,0.00927,0.00146,45.8750
0.905162,-0.77690,0.01269,0.00195,45.8750
0.906363,-0.77592,0.01269,0.00195,45.8750
0.907563,-0.77446,0.01074,0.00537,45.8750
0.908764,-0.77934,0.01269,-0.00293,45.8750
0.909964,-0.77446,0.00878,-0.00488,45.8750
0.911164,-0.77446,0.00634,-0.00586,45.5625
0.912365,-0.77690,0.00439,0.00098,45.5625
0.913565,-0.77641,0.00976,0.00342,45.5625
0.914766,-0.77446,0.00927,-0.00195,45.5625
0.915966,-0.77738,0.01025,0.00146,45.5625
0.917167,-0.77738,0.01025,0.00098,45.5625
0.918367,-0.77250,0.01366,0.00390,45.5625
0.919568,-0.77446,0.00732,0.00244,45.5625
0.920768,-0.77006,0.00781,0.00146,45.2500
0.921969,-0.77787,0.01562,-0.00195,45.2500
0.923169,-0.78031,0.01220,-0.00098,45.2500
0.924370,-0.77202,0.00878,0.00293,45.2500
0.925570,-0.77202,0.00390,0.00049,45.2500
0.926771,-0.77738,0.00732,0.00439,45.2500
0.927971,-0.77934,0.00878,-0.00146,45.2500
0.929172,-0.77543,0.00976,0.00293,45.2500
0.930372,-0.78031,0.01025,-0.00049,45.0000
0.931573,-0.77592,0.00927,0.00146,45.0000
0.932773,-0.78178,0.01318,-0.00488,45.0000
0.933974,-0.77592,0.00634,0.00244,45.0000
0.935174,-0.78129,0.00927,-0.00244,45.0000
0.936375,-0.77592,0.00781,0.00390,45.0000
0.937575,-0.77055,0.01220,0.00293,45.0000
0.938776,-0.77592,0.01025,-0.00146,45.0000
0.939976,-0.77299,0.01220,0.00439,45.0000
0.941176,-0.77690,0.01025,0.00488,44.6875
0.942377,-0.77787,0.02098,0.00537,44.6875
0.943577,-0.77982,0.01220,0.00390,44.6875
0.944778,-0.77202,0.00781,-0.00098,44.6875
0.945978,-0.77543,0.00976,0.00439,44.6875
0.947179,-0.77006,0.00878,-0.00342,44.6875
0.948379,-0.77885,0.01220,-0.00049,44.6875
0.949580,-0.77592,0.01269,0.00146,44.6875
0.950780,-0.77494,0.01122,-0.00439,44.4375
0.951981,-0.77104,0.00927,0.00390,44.4375
0.953181,-0.76958,0.00781,0.00195,44.4375
0.954382,-0.77690,0.01464,-0.00000,44.4375
0.955582,-0.77836,0.01318,-0.00634,44.4375
0.956783,-0.78031,0.00098,-0.00195,44.4375
0.957983,-0.77104,0.01025,0.00244,44.4375
0.959184,-0.77543,0.00732,0.00244,44.4375
0.960384,-0.77690,0.00878,-0.00244,44.1250
0.961585,-0.77543,0.01513,-0.00342,44.1250
0.962785,-0.78275,0.00634,0.00049,44.1250
0.963986,-0.78031,0.00683,-0.00342,44.1250
0.965186,-0.77250,0.01708,-0.00439,44.1250
0.966387,-0.77397,0.00830,0.00439,44.1250
0.967587,-0.77494,0.00927,0.00049,44.1250
0.968788,-0.77836,0.01318,0.00146,44.1250
0.969988,-0.77348,0.00830,-0.00049,44.1250
0.971188,-0.77006,0.01025,0.00293,43.8750
0.972389,-0.77885,0.01074,0.00293,43.8750
0.973589,-0.77494,0.01415,-0.00049,43.8750
0.974790,-0.77641,0.00537,-0.00098,43.8750
0.975990,-0.77397,0.00732,-0.00098,43.8750
0.977191,-0.77494,0.00976,0.00293,43.8750
0.978391,-0.77543,0.01269,0.00049,43.8750
0.979592,-0.77787,0.00830,-0.00342,43.8750
0.980792,-0.77543,0.01122,0.00439,43.5625
0.981993,-0.77690,0.00830,0.00049,43.5625
0.983193,-0.77543,0.00878,0.00146,43.5625
0.984394,-0.77543,0.01366,0.00439,43.5625
0.985594,-0.77299,0.00927,0.00195,43.5625
0.986795,-0.77690,0.01903,0.00244,43.5625
0.987995,-0.77592,0.01122,-0.00000,43.5625
0.989196,-0.77202,0.01318,0.00195,43.5625
0.990396,-0.77592,0.01220,0.00293,43.3125
0.991597,-0.77592,0.00537,0.00146,43.3125
0.992797,-0.77250,0.00537,-0.00000,43.3125
0.993998,-0.77446,0.01122,-0.00049,43.3125
0.995198,-0.77494,0.00683,-0.00049,43.3125
0.996399,-0.77446,0.00830,0.00098,43.3125
0.997599,-0.77885,0.00878,-0.00098,43.3125
0.998800,-0.77397,0.00732,0.00195,43.3125
1.000000,-0.77104,0.01366,-0.00098,43.0625
1.001200,-0.77348,0.01220,0.00342,43.0625
1.002401,-0.77982,0.01074,0.00049,43.0625
1.003601,-0.77446,0.01171,-0.00195,43.0625
1.004802,-0.77787,0.00732,0.00146,43.0625
1.006002,-0.77592,0.01269,-0.00293,43.0625
1.007203,-0.77494,0.00732,0.00927,43.0625
1.008403,-0.77885,0.01464,-0.00195,43.0625
1.009604,-0.77104,0.00781,-0.00000,43.0625
1.010804,-0.77543,0.00830,0.00439,42.7500
1.012005,-0.77299,0.01366,-0.00146,42.7500
1.013205,-0.77299,0.01171,-0.00244,42.7500
1.014406,-0.77104,0.00732,-0.00293,42.7500
1.015606,-0.77153,0.01171,0.00342,42.7500
1.016807,-0.77934,0.00976,-0.00293,42.7500
1.018007,-0.77494,0.01025,0.00537,42.7500
1.019208,-0.78129,0.01171,0.00195,42.7500
1.020408,-0.77641,0.01171,-0.00000,42.4375
1.021609,-0.77299,0.01318,0.00342,42.4375
1.022809,-0.77250,0.01122,0.00000,42.4375
1.024010,-0.77104,0.01122,-0.00049,42.4375
1.025210,-0.77641,0.00976,-0.00342,42.4375
1.026411,-0.77397,0.01464,-0.00390,42.4375
1.027611,-0.77494,0.00781,0.00098,42.4375
1.028812,-0.77153,0.01562,-0.00586,42.4375
1.030012,-0.77055,0.01659,-0.00439,42.1875
1.031212,-0.77641,0.01659,-0.00439,42.1875
1.032413,-0.76372,0.00976,-0.00000,42.1875
1.033613,-0.77494,0.01610,-0.00390,42.1875
1.034814,-0.77641,0.01366,-0.00049,42.1875
1.036014,-0.77348,0.01318,0.00732,42.1875
1.037215,-0.77299,0.02001,0.00000,42.1875
1.038415,-0.77348,0.01074,0.00537,42.1875
1.039616,-0.77690,0.01171,0.00049,42.1875
1.040816,-0.77055,0.00634,-0.00342,41.8750
1.042017,-0.77494,0.00342,-0.00195,41.8750
1.043217,-0.77055,0.01074,-0.00195,41.8750
1.044418,-0.77104,0.01122,0.00098,41.8750
1.045618,-0.77885,0.01220,0.00195,41.8750
1.046819,-0.77787,0.01074,0.00049,41.8750
1.048019,-0.77787,0.00390,-0.00146,41.8750
1.049220,-0.77446,0.01122,-0.00244,41.8750
1.050420,-0.77494,0.01318,-0.00146,41.6250
1.051621,-0.77446,0.01464,-0.00293,41.6250
1.052821,-0.77738,0.00732,-0.00244,41.6250
1.054022,-0.77397,0.00732,0.00732,41.6250
1.055222,-0.77104,0.00781,0.00244,41.6250
1.056423,-0.77885,0.00830,-0.00342,41.6250
1.057623,-0.77543,0.00537,-0.00000,41.6250
1.058824,-0.77446,0.00781,0.00098,41.6250
1.060024,-0.77543,0.01464,-0.00049,41.3125
1.061224,-0.77543,0.00683,-0.00195,41.3125
1.062425,-0.76958,0.00439,0.00098,41.3125
1.063625,-0.77104,0.00927,0.00000,41.3125
1.064826,-0.77250,0.00830,0.00146,41.3125
1.066026,-0.77738,0.01220,0.00293,41.3125
1.067227,-0.76811,0.00781,-0.00195,41.3125
1.068427,-0.77397,0.00927,0.00049,41.3125
1.069628,-0.77690,0.00732,-0.00146,41.3125
1.070828,-0.77592,0.00683,-0.00293,41.0625
1.072029,-0.77641,0.01122,-0.00195,41.0625
1.073229,-0.76860,0.01025,0.00049,41.0625
1.074430,-0.77446,0.00976,-0.00195,41.0625
1.075630,-0.77494,0.01171,-0.00293,41.0625
1.076831,-0.78129,0.00732,-0.00244,41.0625
1.078031,-0.77299,0.01025,0.00049,41.0625
1.079232,-0.77836,0.01074,0.00390,41.0625
1.080432,-0.77836,0.01366,0.00390,40.7500
1.081633,-0.77299,0.00439,-0.00488,40.7500
1.082833,-0.77787,0.00878,-0.00098,40.7500
1.084034,-0.77250,0.01122,0.00146,40.7500
1.085234,-0.77153,0.00830,-0.00146,40.7500
1.086435,-0.78031,0.01025,-0.00049,40.7500
1.087635,-0.77543,0.01220,-0.00293,40.7500
1.088836,-0.77982,0.01122,0.00049,40.7500
1.090036,-0.77543,0.00488,-0.00049,40.5000
1.091236,-0.77250,0.00634,-0.00244,40.5000
1.092437,-0.77934,0.00146,0.00146,40.5000
1.093637,-0.76958,0.01171,0.00293,40.5000
1.094838,-0.77592,0.01074,0.00146,40.5000
1.096038,-0.77836,0.01415,-0.00342,40.5000
1.097239,-0.77543,0.01025,0.00049,40.5000
1.098439,-0.77250,0.00634,0.00244,40.5000
1.099640,-0.77934,0.01318,0.00342,40.5000
1.100840,-0.77494,0.00586,0.00342,40.1875
1.102041,-0.77934,0.00976,0.00293,40.1875
1.103241,-0.77153,0.00927,-0.00049,40.1875
1.104442,-0.77446,0.01220,0.00146,40.1875
1.105642,-0.77641,0.01269,0.00195,40.1875
1.106843,-0.77202,0.00878,0.00049,40.1875
1.108043,-0.77885,0.00781,0.00098,40.1875
1.109244,-0.77641,0.00976,-0.00293,40.1875
1.110444,-0.76958,0.00830,0.00098,39.9375
1.111645,-0.77543,0.01269,-0.00146,39.9375
1.112845,-0.77104,0.01122,-0.00049,39.9375
1.114046,-0.77446,0.01415,0.00488,39.9375
1.115246,-0.77738,0.01806,0.00049,39.9375
1.116447,-0.77592,0.00732,0.00098,39.9375
1.117647,-0.77494,0.00830,-0.00195,39.9375
1.118848,-0.77641,0.01122,-0.00439,39.9375
1.120048,-0.77738,0.01122,-0.00342,39.6250
1.121248,-0.77738,0.00878,-0.00098,39.6250
1.122449,-0.77934,0.00488,-0.00098,39.6250
1.123649,-0.77494,0.01757,-0.00537,39.6250
1.124850,-0.77397,0.01025,-0.00195,39.6250
1.126050,-0.77299,0.00634,-0.00000,39.6250
1.127251,-0.78031,0.00293,-0.00244,39.6250
1.128451,-0.77250,0.01415,-0.00098,39.6250
1.129652,-0.77494,0.01074,0.00049,39.6250
1.130852,-0.77934,0.00976,0.00342,39.3125
1.132053,-0.77494,0.00683,0.00098,39.3125
1.133253,-0.77250,0.00976,0.00439,39.3125
1.134454,-0.77348,0.00878,-0.00439,39.3125
1.135654,-0.77299,0.00244,0.00390,39.3125
1.136855,-0.77202,0.01806,-0.00049,39.3125
1.138055,-0.77250,0.01122,0.00293,39.3125
1.139256,-0.77494,0.00878,0.00586,39.3125
1.140456,-0.78129,0.00683,0.00293,39.0625
1.141657,-0.77738,0.00830,0.00098,39.0625
1.142857,-0.77397,0.01708,0.00488,39.0625
1.144058,-0.77641,0.01122,-0.00146,39.0625
1.145258,-0.77299,0.00586,0.00293,39.0625
1.146459,-0.77250,0.01269,0.00098,39.0625
1.147659,-0.77494,0.01171,0.00098,39.0625
1.148860,-0.76958,0.01171,-0.00195,39.0625
1.150060,-0.77787,0.00976,0.00098,38.8125
1.151261,-0.77250,0.00927,0.00098,38.8125
1.152461,-0.77641,0.01074,-0.00000,38.8125
1.153661,-0.77738,0.00927,0.00098,38.8125
1.154862,-0.77348,0.00586,-0.00439,38.8125
1.156062,-0.77690,0.00683,0.00293,38.8125
1.157263,-0.77250,0.00976,-0.00098,38.8125
1.158463,-0.77836,0.00537,0.00049,38.8125
1.159664,-0.77494,0.00976,-0.00195,38.8125
1.160864,-0.77738,0.00878,-0.00098,38.5000
1.162065,-0.77592,0.01220,-0.00195,38.5000
1.163265,-0.77641,0.01025,0.00342,38.5000
1.164466,-0.77836,0.00927,-0.00244,38.5000
1.165666,-0.77299,0.00927,-0.00244,38.5000
1.166867,-0.77885,0.01122,-0.00049,38.5000
1.168067,-0.77787,0.01269,-0.00342,38.5000
1.169268,-0.77250,0.00683,-0.00293,38.5000
1.170468,-0.77202,0.00537,0.00049,38.1875
1.171669,-0.77299,0.00781,0.00098,38.1875
1.172869,-0.77397,0.00293,0.00195,38.1875
1.174070,-0.76811,0.00781,0.00146,38.1875
1.175270,-0.77885,0.01269,-0.00244,38.1875
1.176471,-0.77738,0.01318,-0.00293,38.1875
1.177671,-0.77787,0.01464,0.00293,38.1875
1.178872,-0.77250,0.01025,-0.00634,38.1875
1.180072,-0.77397,0.01025,0.00049,37.9375
1.181273,-0.77153,0.00830,0.00195,37.9375
1.182473,-0.77202,0.00830,0.00342,37.9375
1.183673,-0.77592,0.01074,0.00390,37.9375
1.184874,-0.77738,0.01269,0.00293,37.9375
1.186074,-0.77787,0.01122,0.00537,37.9375
1.187275,-0.76860,0.00390,-0.00537,37.9375
1.188475,-0.77202,0.01122,-0.00098,37.9375
1.189676,-0.77348,0.00976,0.00098,37.9375
1.190876,-0.77592,0.00830,-0.00683,37.6250
1.192077,-0.77543,0.01025,-0.00244,37.6250
1.193277,-0.77592,0.01269,0.00342,37.6250
1.194478,-0.77592,0.01025,-0.00195,37.6250
1.195678,-0.78226,0.00781,0.00293,37.6250
1.196879,-0.77543,0.02001,0.00195,37.6250
1.198079,-0.77641,0.00781,0.00342,37.6250
1.199280,-0.77397,0.01122,0.00244,37.6250
1.200480,-0.77446,0.01366,0.00146,37.3750
1.201681,-0.77250,0.00732,0.00195,37.3750
1.202881,-0.77494,0.01171,-0.00244,37.3750
1.204082,-0.77250,0.00732,0.00488,37.3750
1.205282,-0.78275,0.00927,-0.00049,37.3750
1.206483,-0.77836,0.00781,-0.00244,37.3750
1.207683,-0.77006,0.01513,0.00146,37.3750
1.208884,-0.77885,0.00586,-0.00390,37.3750
1.210084,-0.77592,0.01171,0.00634,37.1250
1.211285,-0.77299,0.01025,0.00683,37.1250
1.212485,-0.77787,0.00390,0.00342,37.1250
1.213685,-0.77299,0.01513,-0.00293,37.1250
1.214886,-0.77934,0.00830,0.00146,37.1250
1.216086,-0.78080,0.00927,0.00098,37.1250
1.217287,-0.77885,0.01074,-0.00146,37.1250
1.218487,-0.77982,0.00732,-0.00098,37.1250
1.219688,-0.77494,0.00781,0.00146,37.1250
1.220888,-0.77592,0.00976,-0.00146,36.8125
1.222089,-0.77397,0.00732,0.00000,36.8125
1.223289,-0.77836,0.01025,0.00049,36.8125
1.224490,-0.76762,0.01366,-0.00342,36.8125
1.225690,-0.77543,0.00683,-0.00098,36.8125
1.226891,-0.77494,0.00537,-0.00098,36.8125
1.228091,-0.77348,0.00976,0.00488,36.8125
1.229292,-0.77592,0.01122,0.00049,36.8125
1.230492,-0.77690,0.01220,0.00146,36.5000
1.231693,-0.77494,0.00683,0.00098,36.5000
1.232893,-0.77250,0.00293,0.00000,36.5000
1.234094,-0.77299,0.01269,0.00049,36.5000
1.235294,-0.77202,0.01220,-0.00000,36.5000
1.236495,-0.77690,0.01464,-0.00586,36.5000
1.237695,-0.77738,0.00683,0.00049,36.5000
1.238896,-0.76909,0.01171,-0.00146,36.5000
1.240096,-0.77592,0.01318,-0.00049,36.2500
1.241297,-0.77348,0.00439,-0.00244,36.2500
1.242497,-0.77299,0.01318,-0.00244,36.2500
1.243697,-0.77055,0.01415,0.00049,36.2500
1.244898,-0.77885,0.01171,-0.00098,36.2500
1.246098,-0.77641,0.01171,0.00049,36.2500
1.247299,-0.77641,0.01220,0.00098,36.2500
1.248499,-0.77592,0.00927,0.00000,36.2500
1.249700,-0.78226,0.00537,0.00049,36.2500
1.250900,-0.77543,0.00732,-0.00146,35.9375
1.252101,-0.78373,0.00927,-0.00049,35.9375
1.253301,-0.77397,0.00732,0.00195,35.9375
1.254502,-0.77348,0.01318,-0.00049,35.9375
1.255702,-0.77348,0.00878,0.00195,35.9375
1.256903,-0.77885,0.00976,0.00049,35.9375
1.258103,-0.77202,0.00439,0.00342,35.9375
1.259304,-0.77738,0.01122,-0.00244,35.9375
1.260504,-0.77885,0.00781,0.00098,35.6875
1.261705,-0.77787,0.01464,0.00293,35.6875
1.262905,-0.77738,0.00488,-0.00195,35.6875
1.264106,-0.77446,0.01074,0.00049,35.6875
1.265306,-0.77250,0.00878,0.00146,35.6875
1.266507,-0.78129,0.00878,-0.00000,35.6875
1.267707,-0.77641,0.01513,0.00293,35.6875
1.268908,-0.77250,0.01269,0.00146,35.6875
1.270108,-0.77446,0.00732,-0.00049,35.3750
1.271309,-0.77348,0.01415,0.00293,35.3750
1.272509,-0.77934,0.00781,0.00146,35.3750
1.273709,-0.77202,0.01220,0.00878,35.3750
1.274910,-0.77982,0.00488,-0.00439,35.3750
1.276110,-0.77446,0.00878,0.00049,35.3750
1.277311,-0.77104,0.00927,0.00000,35.3750
1.278511,-0.76958,0.00878,0.00000,35.3750
1.279712,-0.77348,0.00537,-0.00586,35.3750
1.280912,-0.77250,0.00439,0.00049,35.1250
1.282113,-0.77690,0.00976,-0.00146,35.1250
1.283313,-0.77641,0.01171,0.00244,35.1250
1.284514,-0.77153,0.01025,-0.00293,35.1250
1.285714,-0.77494,0.00878,0.00537,35.1250
1.286915,-0.77543,0.00537,-0.00000,35.1250
1.288115,-0.77934,0.00927,-0.00146,35.1250
1.289316,-0.77446,0.00830,0.00098,35.1250
1.290516,-0.77299,0.00781,-0.00439,34.8125
1.291717,-0.77738,0.01025,-0.00293,34.8125
1.292917,-0.77641,0.01025,0.00195,34.8125
1.294118,-0.77006,0.01122,-0.00098,34.8125
1.295318,-0.77446,0.00927,0.00049,34.8125
1.296519,-0.77592,0.00732,-0.00683,34.8125
1.297719,-0.77836,0.00927,-0.00390,34.8125
1.298920,-0.77690,0.00878,-0.00488,34.8125
1.300120,-0.77592,0.00488,0.00488,34.5625
1.301321,-0.77104,0.00878,-0.00049,34.5625
1.302521,-0.77690,0.00488,0.00390,34.5625
1.303721,-0.76958,0.00390,-0.00098,34.5625
1.304922,-0.77787,0.00732,0.00293,34.5625
1.306122,-0.77592,0.00781,-0.00195,34.5625
1.307323,-0.77250,0.01220,-0.00146,34.5625
1.308523,-0.77592,0.00878,-0.00049,34.5625
1.309724,-0.77738,0.01171,0.00000,34.5625
1.310924,-0.77543,0.01415,-0.00634,34.2500
1.312125,-0.77348,0.01025,-0.00049,34.2500
1.313325,-0.78031,0.01122,-0.00293,34.2500
1.314526,-0.77592,0.00781,-0.00244,34.2500
1.315726,-0.77543,0.01220,-0.00098,34.2500
1.316927,-0.77641,0.01025,-0.00146,34.2500
1.318127,-0.77299,0.01025,-0.00049,34.2500
1.319328,-0.77690,0.00634,0.00293,34.2500
1.320528,-0.77592,0.00732,0.00293,34.0000
1.321729,-0.77494,0.00781,0.00488,34.0000
1.322929,-0.77299,0.01025,-0.00244,34.0000
1.324130,-0.77543,0.01318,-0.00049,34.0000
1.325330,-0.77055,0.00537,-0.00098,34.0000
1.326531,-0.77787,0.00878,-0.00146,34.0000
1.327731,-0.77104,0.00878,0.00146,34.0000
1.328932,-0.77738,0.01659,0.00195,34.0000
1.330132,-0.77543,0.00927,-0.00049,33.6875
1.331333,-0.77397,0.00830,0.00049,33.6875
1.332533,-0.76860,0.01220,0.00342,33.6875
1.333733,-0.77250,0.00634,-0.00049,33.6875
1.334934,-0.77641,0.01171,0.00342,33.6875
1.336134,-0.77104,0.00488,0.00000,33.6875
1.337335,-0.77543,0.01610,0.00146,33.6875
1.338535,-0.77738,0.00976,0.00537,33.6875
1.339736,-0.77348,0.00878,-0.00146,33.6875
1.340936,-0.77494,0.00586,0.00098,33.3750
1.342137,-0.77202,0.00927,0.00390,33.3750
1.343337,-0.77641,0.01025,0.00049,33.3750
1.344538,-0.77397,0.00781,0.00390,33.3750
1.345738,-0.77299,0.01366,0.00781,33.3750
1.346939,-0.77397,0.00878,0.00439,33.3750
1.348139,-0.77494,0.01025,0.00000,33.3750
1.349340,-0.77690,0.01074,-0.00195,33.3750
1.350540,-0.77250,0.01415,0.00098,33.1250
1.351741,-0.77446,0.00878,-0.00146,33.1250
1.352941,-0.77348,0.01025,-0.00195,33.1250
1.354142,-0.77592,0.01074,0.00244,33.1250
1.355342,-0.77494,0.01171,0.00195,33.1250
1.356543,-0.77787,0.00439,-0.00439,33.1250
1.357743,-0.77494,0.01318,-0.00146,33.1250
1.358944,-0.77250,0.00976,-0.00293,33.1250
1.360144,-0.77494,0.00781,0.00195,32.8750
1.361345,-0.77250,0.00976,0.00146,32.8750
1.362545,-0.77397,0.00439,0.00293,32.8750
1.363745,-0.77104,0.00781,0.00000,32.8750
1.364946,-0.77543,0.01074,0.00195,32.8750
1.366146,-0.77982,0.01415,0.00244,32.8750
1.367347,-0.77348,0.00976,0.00000,32.8750
1.368547,-0.77543,0.01122,0.00293,32.8750
1.369748,-0.77787,0.00927,-0.00488,32.8750
1.370948,-0.77299,0.01269,0.00342,32.5625
1.372149,-0.77397,0.00878,-0.00390,32.5625
1.373349,-0.77348,0.01122,-0.00098,32.5625
1.374550,-0.77592,0.00878,0.00098,32.5625
1.375750,-0.77446,0.00683,0.00049,32.5625
1.376951,-0.77446,0.00683,-0.00390,32.5625
1.378151,-0.76958,0.00781,0.00049,32.5625
1.379352,-0.77690,0.01366,-0.00634,32.5625
1.380552,-0.77494,0.01952,-0.00049,32.3125
1.381753,-0.77397,0.00927,-0.00146,32.3125
1.382953,-0.78031,0.00781,0.00439,32.3125
1.384154,-0.77982,0.01171,-0.00098,32.3125
1.385354,-0.76860,0.01122,-0.00195,32.3125
1.386555,-0.78031,0.00830,-0.00195,32.3125
1.387755,-0.77348,0.01562,-0.00244,32.3125
1.388956,-0.77738,0.01269,-0.00000,32.3125
1.390156,-0.77738,0.01269,0.00049,32.0000
1.391357,-0.78080,0.01025,0.00488,32.0000
1.392557,-0.77787,0.01025,-0.00390,32.0000
1.393758,-0.77250,0.01269,0.00195,32.0000
1.394958,-0.77934,0.00586,-0.00390,32.0000
1.396158,-0.77299,0.00781,-0.00098,32.0000
1.397359,-0.77397,0.01025,0.00342,32.0000
1.398559,-0.76909,0.00537,0.00342,32.0000
1.399760,-0.77641,0.01513,0.00244,32.0000
1.400960,-0.77104,0.00830,-0.00146,31.6875
1.402161,-0.77250,0.00878,0.00293,31.6875
1.403361,-0.77592,0.01074,0.00439,31.6875
1.404562,-0.77982,0.01464,-0.00390,31.6875
1.405762,-0.77055,0.00976,-0.00146,31.6875
1.406963,-0.77934,0.00781,0.00049,31.6875
1.408163,-0.77641,0.00732,0.00098,31.6875
1.409364,-0.77250,0.01074,0.00098,31.6875
1.410564,-0.77153,0.00830,-0.00049,31.4375
1.411765,-0.77738,0.01708,-0.00195,31.4375
1.412965,-0.77494,0.01366,0.00146,31.4375
1.414166,-0.77592,0.00049,-0.00195,31.4375
1.415366,-0.77153,0.00732,-0.00049,31.4375
1.416567,-0.76762,0.01122,0.00146,31.4375
1.417767,-0.78031,0.01708,0.00146,31.4375
1.418968,-0.77202,0.00390,0.00244,31.4375
1.420168,-0.78373,0.00878,0.00293,31.1875
1.421369,-0.77494,0.01366,0.00195,31.1875
1.422569,-0.77836,0.00781,0.00439,31.1875
1.423770,-0.76909,0.01025,-0.00390,31.1875
1.424970,-0.77446,0.00830,0.00098,31.1875
1.426170,-0.77738,0.01220,0.00098,31.1875
1.427371,-0.77641,0.00683,-0.00049,31.1875
1.428571,-0.77690,0.01025,0.00000,31.1875
1.429772,-0.77446,0.00586,0.00146,31.1875
1.430972,-0.77543,0.01269,-0.00098,30.8750
1.432173,-0.77299,0.01171,0.00634,30.8750
1.433373,-0.77055,0.00976,0.00586,30.8750
1.434574,-0.77299,0.01025,-0.00098,30.8750
1.435774,-0.77885,0.01025,0.00342,30.8750
1.436975,-0.77982,0.00878,0.00293,30.8750
1.438175,-0.77738,0.01025,0.00098,30.8750
1.439376,-0.77202,0.01122,-0.00049,30.8750
1.440576,-0.77592,0.00976,0.00195,30.5625
1.441777,-0.77690,0.00830,0.00049,30.5625
1.442977,-0.77446,0.00878,-0.00146,30.5625
1.444178,-0.77934,0.00878,0.00293,30.5625
1.445378,-0.77836,0.01122,0.00098,30.5625
1.446579,-0.77348,0.01025,0.00342,30.5625
1.447779,-0.77592,0.01610,-0.00342,30.5625
1.448980,-0.77641,0.00927,-0.00195,30.5625
1.450180,-0.77397,0.01025,-0.00878,30.3125
1.451381,-0.77690,0.00830,-0.00098,30.3125
1.452581,-0.77690,0.01025,-0.00342,30.3125
1.453782,-0.77641,0.00878,0.00195,30.3125
1.454982,-0.77299,0.00732,0.00293,30.3125
1.456182,-0.77494,0.01025,0.00049,30.3125
1.457383,-0.77836,0.01464,0.00293,30.3125
1.458583,-0.77592,0.00732,-0.00195,30.3125
1.459784,-0.77299,0.00781,-0.00342,30.3125
1.460984,-0.76958,0.00976,0.00439,30.0000
1.462185,-0.77836,0.01074,0.00293,30.0000
1.463385,-0.77397,0.01366,0.00244,30.0000
1.464586,-0.77592,0.00830,-0.00098,30.0000
1.465786,-0.77250,0.00976,0.00293,30.0000
1.466987,-0.77348,0.00781,0.00195,30.0000
1.468187,-0.77055,0.00732,0.00781,30.0000
1.469388,-0.77348,0.00878,-0.00781,30.0000
1.470588,-0.77641,0.00683,-0.00342,29.7500
1.471789,-0.77641,0.01122,0.00244,29.7500
1.472989,-0.77397,0.01318,0.00244,29.7500
1.474190,-0.77397,0.00830,0.00098,29.7500
1.475390,-0.76762,0.00781,-0.00049,29.7500
1.476591,-0.77006,0.01415,-0.00195,29.7500
1.477791,-0.77836,0.00927,0.00488,29.7500
1.478992,-0.77397,0.01464,0.00342,29.7500
1.480192,-0.77885,0.00146,0.00098,29.5000
1.481393,-0.77982,0.00927,0.00146,29.5000
1.482593,-0.77299,0.00683,0.00537,29.5000
1.483794,-0.77348,0.00830,-0.00293,29.5000
1.484994,-0.77787,0.01220,-0.00342,29.5000
1.486194,-0.77006,0.01318,-0.00000,29.5000
1.487395,-0.77787,0.00927,-0.00293,29.5000
1.488595,-0.77836,0.01269,0.00293,29.5000
1.489796,-0.77299,0.00634,0.00244,29.5000
1.490996,-0.77446,0.01074,0.00244,29.1875
1.492197,-0.77543,0.00927,-0.00049,29.1875
1.493397,-0.77543,0.00488,-0.00146,29.1875
1.494598,-0.77446,0.01269,0.00146,29.1875
1.495798,-0.77543,0.00781,-0.00586,29.1875
1.496999,-0.77543,0.01122,-0.00439,29.1875
1.498199,-0.78080,0.00781,-0.00293,29.1875
1.499400,-0.77885,0.01025,-0.00390,29.1875
1.500600,-0.77299,0.01171,0.00000,28.8750
1.501801,-0.77690,0.00976,-0.00342,28.8750
1.503001,-0.77348,0.00830,0.00195,28.8750
1.504202,-0.77153,0.01171,-0.00000,28.8750
1.505402,-0.77592,0.01074,-0.00488,28.8750
1.506603,-0.77397,0.00878,-0.00732,28.8750
1.507803,-0.76860,0.01025,0.00537,28.8750
1.509004,-0.77299,0.00976,0.00098,28.8750
1.510204,-0.76958,0.00878,0.00146,28.6250
1.511405,-0.77055,0.01269,-0.00146,28.6250
1.512605,-0.77250,0.01513,-0.00293,28.6250
1.513806,-0.77543,0.00830,0.00390,28.6250
1.515006,-0.77738,0.00976,-0.00342,28.6250
1.516206,-0.77836,0.00732,-0.00146,28.6250
1.517407,-0.77348,0.00586,-0.00000,28.6250
1.518607,-0.77348,0.01318,-0.00244,28.6250
1.519808,-0.77543,0.00781,-0.00146,28.6250
1.521008,-0.77250,0.01074,-0.00146,28.3125
1.522209,-0.77690,0.00586,-0.00146,28.3125
1.523409,-0.77153,0.00781,0.00439,28.3125
1.524610,-0.77494,0.01122,0.00000,28.3125
1.525810,-0.77494,0.01122,0.00293,28.3125
1.527011,-0.77494,0.01074,-0.00244,28.3125
1.528211,-0.77543,0.01122,-0.00146,28.3125
1.529412,-0.76762,0.01074,-0.00195,28.3125
1.530612,-0.77982,0.01318,-0.00488,28.0625
1.531813,-0.77446,0.01513,-0.00000,28.0625
1.533013,-0.77104,0.01171,-0.00439,28.0625
1.534214,-0.77299,0.00976,-0.00342,28.0625
1.535414,-0.77592,0.00683,-0.00000,28.0625
1.536615,-0.76958,0.00830,0.00098,28.0625
1.537815,-0.77836,0.00878,-0.00244,28.0625
1.539016,-0.77885,0.01415,0.00049,28.0625
1.540216,-0.77348,0.00537,0.00342,27.7500
1.541417,-0.77934,0.00732,0.00439,27.7500
1.542617,-0.78226,0.00683,0.00244,27.7500
1.543818,-0.77250,0.01269,-0.00098,27.7500
1.545018,-0.77250,0.00781,0.00390,27.7500
1.546218,-0.77299,0.00439,-0.00098,27.7500
1.547419,-0.77641,0.00390,-0.00098,27.7500
1.548619,-0.77446,0.01074,0.00293,27.7500
1.549820,-0.77787,0.00488,0.00098,27.7500
1.551020,-0.76958,0.01318,0.00146,27.5000
1.552221,-0.77250,0.01318,-0.00244,27.5000
1.553421,-0.77299,0.00634,-0.00098,27.5000
1.554622,-0.78080,0.00878,0.00098,27.5000
1.555822,-0.77250,0.00976,0.00146,27.5000
1.557023,-0.77055,0.00537,0.00146,27.5000
1.558223,-0.77153,0.00634,-0.00537,27.5000
1.559424,-0.77250,0.00781,0.00683,27.5000
1.560624,-0.77494,0.00976,0.00244,27.1875
1.561825,-0.77592,0.01074,-0.00244,27.1875
1.563025,-0.77299,0.00439,0.00342,27.1875
1.564226,-0.77397,0.01074,-0.00049,27.1875
1.565426,-0.77446,0.00976,-0.00098,27.1875
1.566627,-0.77592,0.00927,0.00488,27.1875
1.567827,-0.77006,0.00830,-0.00342,27.1875
1.569028,-0.77836,0.01318,-0.00293,27.1875
1.570228,-0.77494,0.01464,-0.00244,26.9375
1.571429,-0.77690,0.00830,-0.00146,26.9375
1.572629,-0.77202,0.00927,0.00976,26.9375
1.573830,-0.77055,0.00488,-0.00146,26.9375
1.575030,-0.77104,0.00878,-0.00293,26.9375
1.576230,-0.77250,0.01171,0.00049,26.9375
1.577431,-0.77934,0.00976,0.00244,26.9375
1.578631,-0.76860,0.01074,0.00390,26.9375
1.579832,-0.77348,0.00976,-0.00244,26.9375
1.581032,-0.77543,0.01025,0.00586,26.6250
1.582233,-0.77494,0.01171,0.00049,26.6250
1.583433,-0.77592,0.01220,-0.00244,26.6250
1.584634,-0.77397,0.00390,-0.00244,26.6250
1.585834,-0.77397,0.00927,0.00146,26.6250
1.587035,-0.77592,0.00098,0.00000,26.6250
1.588235,-0.78275,0.00976,-0.00098,26.6250
1.589436,-0.77494,0.00830,0.00049,26.6250
1.590636,-0.77348,0.00830,0.00732,26.3750
1.591837,-0.77348,0.01464,0.00439,26.3750
1.593037,-0.77543,0.01122,-0.00146,26.3750
1.594238,-0.77348,0.01318,-0.00195,26.3750
1.595438,-0.77202,0.01171,0.00293,26.3750
1.596639,-0.77641,0.01513,-0.00293,26.3750
1.597839,-0.77055,0.00927,-0.00537,26.3750
1.599040,-0.78080,0.00927,-0.00293,26.3750
1.600240,-0.77885,0.00976,-0.00390,26.0625
1.601441,-0.77787,0.01757,-0.00439,26.0625
1.602641,-0.78226,0.00878,-0.00049,26.0625
1.603842,-0.77787,0.01025,-0.00244,26.0625
1.605042,-0.77104,0.01415,-0.00098,26.0625
1.606242,-0.77104,0.01269,0.00098,26.0625
1.607443,-0.77494,0.00830,-0.00146,26.0625
1.608643,-0.77006,0.01513,-0.00439,26.0625
1.609844,-0.77446,0.01122,-0.00293,26.0625
1.611044,-0.77641,0.01415,0.00244,25.7500
1.612245,-0.77446,0.01171,-0.00342,25.7500
1.613445,-0.77543,0.01220,-0.00342,25.7500
1.614646,-0.77299,0.00781,0.00146,25.7500
1.615846,-0.77934,0.01415,-0.00293,25.7500
1.617047,-0.77202,0.00781,-0.00293,25.7500
1.618247,-0.77641,0.01025,0.00049,25.7500
1.619448,-0.77250,0.01318,-0.00049,25.7500
1.620648,-0.77982,0.00878,-0.00146,25.5000
1.621849,-0.77641,0.01025,-0.00146,25.5000
1.623049,-0.77494,0.01025,0.00342,25.5000
1.624250,-0.77250,0.01025,0.00098,25.5000
1.625450,-0.77885,0.01171,-0.00195,25.5000
1.626651,-0.77006,0.00537,-0.00146,25.5000
1.627851,-0.77348,0.00830,0.00488,25.5000
1.629052,-0.77641,0.01610,-0.00049,25.5000
1.630252,-0.77153,0.00390,0.00098,25.2500
1.631453,-0.77446,0.00830,0.00098,25.2500
1.632653,-0.77153,0.01220,-0.00146,25.2500
1.633854,-0.76811,0.00439,0.00049,25.2500
1.635054,-0.77250,0.00732,-0.00293,25.2500
1.636255,-0.77641,0.00781,-0.00098,25.2500
1.637455,-0.77641,0.01464,0.00342,25.2500
1.638655,-0.77348,0.00732,-0.00049,25.2500
1.639856,-0.77397,0.01171,0.00488,25.2500
1.641056,-0.77738,0.00830,0.00049,24.9375
1.642257,-0.77690,0.01025,0.00146,24.9375
1.643457,-0.77299,0.00683,0.00049,24.9375
1.644658,-0.76811,0.00537,-0.00244,24.9375
1.645858,-0.78275,0.00878,0.00342,24.9375
1.647059,-0.77299,0.00586,0.00439,24.9375
1.648259,-0.77543,0.00927,0.00098,24.9375
1.649460,-0.77250,0.01025,0.00000,24.9375
1.650660,-0.77250,0.01122,-0.00049,24.6875
1.651861,-0.77494,0.01464,0.00146,24.6875
1.653061,-0.77787,0.01415,0.00342,24.6875
1.654262,-0.77934,0.00683,0.00293,24.6875
1.655462,-0.78080,0.00781,0.00098,24.6875
1.656663,-0.77153,0.01513,0.00000,24.6875
1.657863,-0.77543,0.00976,0.00049,24.6875
1.659064,-0.77641,0.00878,-0.00049,24.6875
1.660264,-0.77592,0.01318,-0.00293,24.3750
1.661465,-0.77885,0.00830,0.00634,24.3750
1.662665,-0.77397,0.01269,-0.00244,24.3750
1.663866,-0.77104,0.00927,-0.00293,24.3750
1.665066,-0.77153,0.01366,0.00439,24.3750
1.666267,-0.77982,0.00976,0.00146,24.3750
1.667467,-0.77104,0.01269,0.00146,24.3750
1.668667,-0.77738,0.01318,-0.00146,24.3750
1.669868,-0.78080,0.01464,0.00000,24.3750
1.671068,-0.77885,0.00781,0.00244,24.0625
1.672269,-0.77787,0.00878,0.00830,24.0625
1.673469,-0.77494,0.00586,0.00146,24.0625
1.674670,-0.77787,0.00488,0.00049,24.0625
1.675870,-0.77934,0.00830,0.00195,24.0625
1.677071,-0.77592,0.01025,0.00000,24.0625
1.678271,-0.76909,0.01366,-0.00244,24.0625
1.679472,-0.77690,0.00878,-0.00537,24.0625
1.680672,-0.77348,0.01562,0.00146,23.8125
1.681873,-0.77494,0.01074,-0.00439,23.8125
1.683073,-0.76714,0.01269,0.00342,23.8125
1.684274,-0.78080,0.00927,-0.00146,23.8125
1.685474,-0.77153,0.00634,-0.00146,23.8125
1.686675,-0.77885,0.01464,-0.00342,23.8125
1.687875,-0.77690,0.00927,-0.00342,23.8125
1.689076,-0.77543,0.01318,-0.00195,23.8125
1.690276,-0.76567,0.00878,0.00098,23.5625
1.691477,-0.77738,0.01171,-0.00146,23.5625
1.692677,-0.78080,0.00927,-0.00049,23.5625
1.693878,-0.77104,0.00878,-0.00195,23.5625
1.695078,-0.77738,0.00976,0.00146,23.5625
1.696279,-0.77592,0.01220,0.00098,23.5625
1.697479,-0.77494,0.00634,0.00146,23.5625
1.698679,-0.77494,0.00683,-0.00342,23.5625
1.699880,-0.77543,0.01318,-0.00244,23.5625
1.701080,-0.77397,0.00781,-0.00390,23.2500
1.702281,-0.77397,0.01074,0.00195,23.2500
1.703481,-0.77250,0.00586,-0.00830,23.2500
1.704682,-0.77641,0.00927,0.00439,23.2500
1.705882,-0.77738,0.01318,-0.00098,23.2500
1.707083,-0.77836,0.01025,-0.00195,23.2500
1.708283,-0.77299,0.01074,0.00049,23.2500
1.709484,-0.77494,0.00878,-0.00098,23.2500
1.710684,-0.77348,0.01025,-0.00146,22.9375
1.711885,-0.77348,0.00439,0.00098,22.9375
1.713085,-0.77006,0.00488,0.00146,22.9375
1.714286,-0.77446,0.01122,-0.00195,22.9375
1.715486,-0.77250,0.00488,0.00439,22.9375
1.716687,-0.77885,0.01366,-0.00390,22.9375
1.717887,-0.77836,0.01269,0.00244,22.9375
1.719088,-0.77592,0.00634,0.00049,22.9375
1.720288,-0.77885,0.00342,-0.00342,22.6875
1.721489,-0.77299,0.00244,0.00244,22.6875
1.722689,-0.77885,0.01074,0.00390,22.6875
1.723890,-0.77494,0.00976,-0.00488,22.6875
1.725090,-0.78226,0.01415,0.00146,22.6875
1.726291,-0.77836,0.01122,-0.00049,22.6875
1.727491,-0.77592,0.01464,0.00049,22.6875
1.728691,-0.77592,0.01269,-0.00537,22.6875
1.729892,-0.78031,0.00732,0.00146,22.6875
1.731092,-0.77446,0.00927,0.00342,22.3750
1.732293,-0.77202,0.00732,0.00049,22.3750
1.733493,-0.77299,0.00878,-0.00195,22.3750
1.734694,-0.77690,0.00830,-0.00098,22.3750
1.735894,-0.77690,0.00927,0.00098,22.3750
1.737095,-0.77836,0.01415,-0.00098,22.3750
1.738295,-0.77299,0.00830,-0.00439,22.3750
1.739496,-0.77055,0.00634,-0.00390,22.3750
1.740696,-0.77641,0.00781,-0.00439,22.1250
1.741897,-0.78031,0.00830,-0.00000,22.1250
1.743097,-0.77446,0.00830,0.00537,22.1250
1.744298,-0.77299,0.00927,0.00390,22.1250
1.745498,-0.78324,0.00878,-0.00098,22.1250
1.746699,-0.77446,0.01318,-0.00098,22.1250
1.747899,-0.76860,0.01269,0.00244,22.1250
1.749100,-0.77250,0.00781,0.00195,22.1250
1.750300,-0.77348,0.01269,0.00342,21.8125
1.751501,-0.77397,0.01415,0.00098,21.8125
1.752701,-0.77202,0.00976,-0.00146,21.8125
1.753902,-0.77787,0.00732,0.00146,21.8125
1.755102,-0.77738,0.01122,0.00537,21.8125
1.756303,-0.77397,0.00976,0.00049,21.8125
1.757503,-0.77690,0.01074,0.00586,21.8125
1.758703,-0.77446,0.00683,-0.00293,21.8125
1.759904,-0.78080,0.01610,-0.00098,21.8125
1.761104,-0.77250,0.00927,0.00049,21.5625
1.762305,-0.77250,0.01171,-0.00049,21.5625
1.763505,-0.77494,0.00830,0.00244,21.5625
1.764706,-0.77446,0.01025,0.00098,21.5625
1.765906,-0.77006,0.00293,0.00195,21.5625
1.767107,-0.77836,0.00586,0.00439,21.5625
1.768307,-0.77787,0.00244,-0.00342,21.5625
1.769508,-0.77836,0.01318,-0.00098,21.5625
1.770708,-0.77641,0.00586,0.00586,21.2500
1.771909,-0.77787,0.00537,-0.00098,21.2500
1.773109,-0.77494,0.01318,-0.00342,21.2500
1.774310,-0.77690,0.00830,-0.00244,21.2500
1.775510,-0.77934,0.00927,-0.00342,21.2500
1.776711,-0.77982,0.01318,-0.00049,21.2500
1.777911,-0.77153,0.01171,0.00049,21.2500
1.779112,-0.77543,0.01074,0.00098,21.2500
1.780312,-0.77592,0.01220,0.00195,21.0000
1.781513,-0.77494,0.00439,-0.00049,21.0000
1.782713,-0.77543,0.01415,0.00244,21.0000
1.783914,-0.77250,0.01415,0.00342,21.0000
1.785114,-0.77348,0.01562,-0.00439,21.0000
1.786315,-0.77690,0.00390,-0.00293,21.0000
1.787515,-0.77738,0.00732,0.00146,21.0000
1.788715,-0.77836,0.00830,-0.00342,21.0000
1.789916,-0.77885,0.01513,0.00293,21.0000
1.791116,-0.77055,0.01171,-0.00195,20.6875
1.792317,-0.77787,0.01562,-0.00195,20.6875
1.793517,-0.78129,0.01122,0.00049,20.6875
1.794718,-0.77738,0.00830,0.00683,20.6875
1.795918,-0.77738,0.00634,-0.00342,20.6875
1.797119,-0.77397,0.00830,-0.00000,20.6875
1.798319,-0.77787,0.01415,-0.00244,20.6875
1.799520,-0.77348,0.00732,0.00146,20.6875
1.800720,-0.77397,0.00488,-0.00049,20.4375
1.801921,-0.77104,0.01074,-0.00049,20.4375
1.803121,-0.76860,0.01415,0.00146,20.4375
1.804322,-0.76665,0.01757,-0.00098,20.4375
1.805522,-0.77104,0.01366,-0.00000,20.4375
1.806723,-0.77836,0.01318,0.00146,20.4375
1.807923,-0.77641,0.00488,-0.00000,20.4375
1.809124,-0.77446,0.00878,-0.00098,20.4375
1.810324,-0.76860,0.00878,-0.00293,20.1250
1.811525,-0.77299,0.01025,0.00098,20.1250
1.812725,-0.77153,0.00732,0.00049,20.1250
1.813926,-0.77543,0.01269,-0.00049,20.1250
1.815126,-0.77299,0.01366,-0.00195,20.1250
1.816327,-0.77299,0.01025,-0.00146,20.1250
1.817527,-0.77641,0.00927,-0.00293,20.1250
1.818727,-0.77250,0.01074,0.00537,20.1250
1.819928,-0.77202,0.01122,0.00195,20.1250
1.821128,-0.77543,0.01269,0.00586,19.8125
1.822329,-0.77202,0.00732,-0.00537,19.8125
1.823529,-0.77006,0.01464,-0.00488,19.8125
1.824730,-0.77494,0.01025,0.00098,19.8125
1.825930,-0.77494,0.00976,-0.00049,19.8125
1.827131,-0.77592,0.01220,-0.00146,19.8125
1.828331,-0.77690,0.00781,-0.00195,19.8125
1.829532,-0.77446,0.01269,-0.00098,19.8125
1.830732,-0.77641,0.01659,-0.00781,19.5625
1.831933,-0.77592,0.01122,0.00732,19.5625
1.833133,-0.77738,0.01074,-0.00098,19.5625
1.834334,-0.77982,0.00878,-0.00049,19.5625
1.835534,-0.77787,0.01464,0.00293,19.5625
1.836735,-0.77397,0.01366,-0.00049,19.5625
1.837935,-0.77836,0.00537,0.00098,19.5625
1.839136,-0.77690,0.01318,0.00195,19.5625
1.840336,-0.77006,0.00781,0.00244,19.3125
1.841537,-0.77153,0.00634,0.00146,19.3125
1.842737,-0.77690,0.00976,0.00342,19.3125
1.843938,-0.77299,0.00781,0.00342,19.3125
1.845138,-0.77690,0.01366,0.00049,19.3125
1.846339,-0.77006,0.00634,0.00195,19.3125
1.847539,-0.77690,0.00634,-0.00146,19.3125
1.848739,-0.77494,0.00732,0.00244,19.3125
1.849940,-0.77104,0.00976,-0.00390,19.3125
1.851140,-0.77738,0.01171,-0.00390,19.0000
1.852341,-0.77104,0.00683,-0.00195,19.0000
1.853541,-0.77738,0.00781,0.00146,19.0000
1.854742,-0.77446,0.00537,-0.00146,19.0000
1.855942,-0.77592,0.00927,-0.00098,19.0000
1.857143,-0.77543,0.00683,0.00390,19.0000
1.858343,-0.77446,0.01659,0.00488,19.0000
1.859544,-0.77543,0.01562,0.00683,19.0000
1.860744,-0.77787,0.00732,0.00342,18.7500
1.861945,-0.77250,0.01025,0.00244,18.7500
1.863145,-0.77299,0.01122,0.00195,18.7500
1.864346,-0.77104,0.00830,-0.00293,18.7500
1.865546,-0.77104,0.00878,0.00098,18.7500
1.866747,-0.77885,0.01171,-0.00000,18.7500
1.867947,-0.77104,0.00927,0.00342,18.7500
1.869148,-0.77104,0.00927,0.00195,18.7500
1.870348,-0.77641,0.00976,-0.00244,18.4375
1.871549,-0.77202,0.01366,-0.00049,18.4375
1.872749,-0.77055,0.00927,0.00195,18.4375
1.873950,-0.77641,0.01122,0.00098,18.4375
1.875150,-0.77934,0.01074,-0.00146,18.4375
1.876351,-0.77592,0.01220,0.00293,18.4375
1.877551,-0.74664,0.00927,-0.00537,18.4375
1.878752,-0.73444,0.00830,0.00195,18.4375
1.879952,-0.71882,0.00781,-0.00244,18.4375
1.881152,-0.69589,0.01074,-0.00439,18.1250
1.882353,-0.67783,0.01025,-0.00098,18.1250
1.883553,-0.65636,0.00927,0.00342,18.1250
1.884754,-0.63489,0.01074,-0.00439,18.1250
1.885954,-0.62269,0.01708,-0.00049,18.1250
1.887155,-0.59390,0.01220,0.00000,18.1250
1.888355,-0.57096,0.00439,-0.00146,18.1250
1.889556,-0.55583,0.01366,-0.00098,18.1250
1.890756,-0.53631,0.01025,-0.00049,17.9375
1.891957,-0.51191,0.00683,0.00049,17.9375
1.893157,-0.49874,0.01415,0.00439,17.9375
1.894358,-0.47873,0.00976,-0.00830,17.9375
1.895558,-0.45921,0.01318,0.00098,17.9375
1.896759,-0.43530,0.00830,0.00293,17.9375
1.897959,-0.41382,0.01318,-0.00537,17.9375
1.899160,-0.39528,0.00927,0.00195,17.9375
1.900360,-0.37332,0.01269,0.00293,17.8125
1.901561,-0.35234,0.01220,-0.00098,17.8125
1.902761,-0.33330,0.00634,0.00098,17.8125
1.903962,-0.31720,0.01122,-0.00195,17.8125
1.905162,-0.29573,0.01122,-0.00390,17.8125
1.906363,-0.27133,0.00976,-0.00146,17.8125
1.907563,-0.25815,0.00439,-0.00195,17.8125
1.908764,-0.23570,0.01074,0.00293,17.8125
1.909964,-0.21618,0.00878,-0.00195,17.8125
1.911164,-0.19569,0.01366,0.00195,17.6875
1.912365,-0.17812,0.00683,0.00244,17.6875
1.913565,-0.15909,0.01269,0.00342,17.6875
1.914766,-0.12737,0.01025,0.00000,17.6875
1.915966,-0.11224,0.01757,0.00146,17.6875
1.917167,-0.09711,0.00683,-0.00244,17.6875
1.918367,-0.07515,0.01269,-0.00293,17.6875
1.919568,-0.05319,0.00830,0.00488,17.6875
1.920768,-0.03611,0.00732,0.00342,17.6250
1.921969,-0.01318,0.01318,-0.00293,17.6250
1.923169,0.00293,0.01171,-0.00244,17.6250
1.924370,0.02391,0.01318,0.00537,17.6250
1.925570,0.02489,0.00537,0.00098,17.6250
1.926771,0.02342,0.00634,0.00342,17.6250
1.927971,0.01757,0.01171,0.00439,17.6250
1.929172,0.02489,0.00732,-0.00049,17.6250
1.930372,0.02586,0.01415,0.00293,17.6250
1.931573,0.02635,0.01513,-0.00342,17.6250
1.932773,0.02196,0.00976,-0.00000,17.6250
1.933974,0.02586,0.01025,0.00244,17.6250
1.935174,0.02586,0.01025,0.00439,17.6250
1.936375,0.01952,0.00927,0.00000,17.6250
1.937575,0.01854,0.00976,0.00146,17.6250
1.938776,0.02635,0.00927,-0.00244,17.6250
1.939976,0.02196,0.01122,0.00293,17.6250
1.941176,0.02782,0.00878,-0.00390,17.6250
1.942377,0.03123,0.00830,-0.00098,17.6250
1.943577,0.02342,0.00927,-0.00049,17.6250
1.944778,0.02294,0.00830,-0.00293,17.6250
1.945978,0.02489,0.00976,-0.00195,17.6250
1.947179,0.02684,0.01171,-0.00098,17.6250
1.948379,0.02147,0.01610,0.00293,17.6250
1.949580,0.02879,0.00488,0.00195,17.6250
1.950780,0.02782,0.00586,0.00098,17.6250
1.951981,0.02684,0.00976,0.00098,17.6250
1.953181,0.02342,0.01025,0.00098,17.6250
1.954382,0.02782,0.00976,-0.00293,17.6250
1.955582,0.02733,0.01562,-0.00098,17.6250
1.956783,0.02147,0.00439,-0.00049,17.6250
1.957983,0.03123,0.00976,0.00244,17.6250
1.959184,0.02391,0.00634,0.00098,17.6250
1.960384,0.02586,0.00927,0.00146,17.6250
1.961585,0.02342,0.01171,-0.00342,17.6250
1.962785,0.02635,0.00586,0.00488,17.6250
1.963986,0.02830,0.01318,-0.00195,17.6250
1.965186,0.02245,0.00732,-0.00293,17.6250
1.966387,0.02001,0.00683,0.00000,17.6250
1.967587,0.02342,0.00488,0.00098,17.6250
1.968788,0.02098,0.00781,-0.00049,17.6250
1.969988,0.02294,0.00781,0.00439,17.6250
1.971188,0.02440,0.01269,-0.00146,17.6250
1.972389,0.02489,0.00537,-0.00146,17.6250
1.973589,0.02879,0.01074,-0.00390,17.6250
1.974790,0.02196,0.01269,0.00390,17.6250
1.975990,0.02586,0.00927,-0.00098,17.6250
1.977191,0.02342,0.01220,-0.00098,17.6250
1.978391,0.02928,0.00781,-0.00537,17.6250
1.979592,0.03270,0.01122,-0.00244,17.6250
1.980792,0.02586,0.00878,-0.00146,17.6250
1.981993,0.03026,0.01659,0.00098,17.6250
1.983193,0.02342,0.00927,0.00244,17.6250
1.984394,0.02001,0.00927,0.00342,17.6250
1.985594,0.02098,0.01122,-0.00244,17.6250
1.986795,0.02050,0.00830,0.00049,17.6250
1.987995,0.02196,0.00927,0.00439,17.6250
1.989196,0.02440,0.01122,0.00195,17.6250
1.990396,0.02830,0.01269,0.00244,17.6250
1.991597,0.02733,0.00830,0.00390,17.6250
1.992797,0.02635,0.01025,0.00146,17.6250
1.993998,0.02391,0.00927,0.00049,17.6250
1.995198,0.02294,0.01220,0.00781,17.6250
1.996399,0.02489,0.01269,-0.00439,17.6250
1.997599,0.02538,0.01122,0.00098,17.6250
1.998800,0.02586,0.01074,0.00195,17.6250
2.000000,0.02635,0.01562,0.00049,17.6250
2.001200,0.02489,0.00732,0.00000,17.6250
2.002401,0.01903,0.01513,-0.00098,17.6250
2.003601,0.02147,0.01171,0.00342,17.6250
2.004802,0.02245,0.00537,-0.00537,17.6250
2.006002,0.03026,0.01025,-0.00342,17.6250
2.007203,0.02391,0.00586,-0.00390,17.6250
2.008403,0.02684,0.00976,-0.00195,17.6250
2.009604,0.02928,0.00390,-0.00146,17.6250
2.010804,0.02586,0.01220,0.00098,17.6250
2.012005,0.02391,0.00781,0.00293,17.6250
2.013205,0.02391,0.01513,-0.00244,17.6250
2.014406,0.02196,0.00781,0.00000,17.6250
2.015606,0.02586,0.01025,0.00634,17.6250
2.016807,0.02830,0.00586,0.00244,17.6250
2.018007,0.02684,0.00976,-0.00439,17.6250
2.019208,0.02733,0.01025,0.00244,17.6250
2.020408,0.02733,0.01171,0.00049,17.6250
2.021609,0.03123,0.01757,0.00049,17.6250
2.022809,0.02294,0.01513,0.00146,17.6250
2.024010,0.02538,0.01220,0.00244,17.6250
2.025210,0.02733,0.00927,0.00098,17.6250
2.026411,0.02879,0.00927,0.00293,17.6250
2.027611,0.01757,0.00927,0.00146,17.6250
2.028812,0.02342,0.00732,0.00293,17.6250
2.030012,0.02440,0.01220,0.00195,17.6250
2.031212,0.02196,0.00976,-0.00244,17.6250
2.032413,0.02733,0.01171,-0.00439,17.6250
2.033613,0.02586,0.00927,0.00586,17.6250
2.034814,0.02391,0.01122,-0.00244,17.6250
2.036014,0.02001,0.01513,-0.00293,17.6250
2.037215,0.02098,0.01122,0.00342,17.6250
2.038415,0.02196,0.01269,0.00342,17.6250
2.039616,0.02635,0.00732,-0.00049,17.6250
2.040816,0.02147,0.00976,0.00390,17.6250
2.042017,0.01903,0.00878,-0.00146,17.6250
2.043217,0.02050,0.01171,-0.00098,17.6250
2.044418,0.02342,0.01122,-0.00390,17.6250
2.045618,0.03026,0.00830,0.00634,17.6250
2.046819,0.03270,0.01122,0.00049,17.6250
2.048019,0.02342,0.01074,0.00244,17.6250
2.049220,0.02782,0.00537,-0.00439,17.6250
2.050420,0.02928,0.01025,0.00146,17.6250
2.051621,0.02879,0.01366,-0.00537,17.6250
2.052821,0.02489,0.00732,-0.00195,17.6250
2.054022,0.02098,0.01366,0.00244,17.6250
2.055222,0.02342,0.01220,0.00439,17.6250
2.056423,0.01952,0.01074,0.00488,17.6250
2.057623,0.02586,0.01171,0.00000,17.6250
2.058824,0.02733,0.00781,-0.00342,17.6250
2.060024,0.01952,0.01220,0.00146,17.6250
2.061224,0.02489,0.00586,-0.00098,17.6250
2.062425,0.02586,0.00683,0.00244,17.6250
2.063625,0.02879,0.01171,0.00195,17.6250
2.064826,0.02928,0.00683,0.00537,17.6250
2.066026,0.02733,0.01610,0.00244,17.6250
2.067227,0.02294,0.01122,-0.00000,17.6250
2.068427,0.02391,0.01318,0.00146,17.6250
2.069628,0.02879,0.01318,-0.00049,17.6250
2.070828,0.02342,0.00927,-0.00098,17.6250
2.072029,0.02489,0.01025,-0.00146,17.6250
2.073229,0.02977,0.01171,-0.00049,17.6250
2.074430,0.02538,0.01025,-0.00146,17.6250
2.075630,0.02098,0.01513,0.00049,17.6250
2.076831,0.02391,0.01366,-0.00439,17.6250
2.078031,0.02684,0.01122,-0.00098,17.6250
2.079232,0.02440,0.01415,0.00195,17.6250
2.080432,0.02830,0.01074,-0.00195,17.6250
2.081633,0.02879,0.01269,-0.00293,17.6250
2.082833,0.02294,0.01074,0.00537,17.6250
2.084034,0.02342,0.00976,-0.00146,17.6250
2.085234,0.02489,0.00732,0.00537,17.6250
2.086435,0.02147,0.00830,-0.00000,17.6250
2.087635,0.02635,0.01025,0.00146,17.6250
2.088836,0.02440,0.01171,0.00293,17.6250
2.090036,0.02733,0.00390,-0.00195,17.6250
2.091236,0.02342,0.00927,-0.00195,17.6250
2.092437,0.02245,0.01220,0.00049,17.6250
2.093637,0.03074,0.00976,0.00000,17.6250
2.094838,0.02245,0.00683,0.00244,17.6250
2.096038,0.02342,0.00732,-0.00146,17.6250
2.097239,0.02294,0.01513,-0.00195,17.6250
2.098439,0.02391,0.00537,0.00098,17.6250
2.099640,0.02245,0.00927,-0.00195,17.6250
2.100840,0.02489,0.01269,-0.00244,17.6250
2.102041,0.02294,0.00439,0.00098,17.6250
2.103241,0.02391,0.01220,-0.00098,17.6250
2.104442,0.02586,0.00537,-0.00390,17.6250
2.105642,0.02733,0.01318,0.00293,17.6250
2.106843,0.02635,0.01806,-0.00049,17.6250
2.108043,0.02294,0.00634,-0.00634,17.6250
2.109244,0.02635,0.00976,-0.00195,17.6250
2.110444,0.02440,0.01122,0.00293,17.6250
2.111645,0.02489,0.00830,0.00000,17.6250
2.112845,0.02001,0.01171,-0.00195,17.6250
2.114046,0.02684,0.00830,0.00098,17.6250
2.115246,0.02440,0.00830,-0.00195,17.6250
2.116447,0.03026,0.00781,-0.00098,17.6250
2.117647,0.02684,0.01025,0.00146,17.6250
2.118848,0.02147,0.01171,-0.00293,17.6250
2.120048,0.02098,0.01318,0.00537,17.6250
2.121248,0.02830,0.00976,-0.00781,17.6250
2.122449,0.02245,0.00683,-0.00439,17.6250
2.123649,0.02684,0.00878,0.00293,17.6250
2.124850,0.02391,0.00878,0.00098,17.6250
2.126050,0.03123,0.00878,0.00586,17.6250
2.127251,0.02538,0.01171,0.00195,17.6250
2.128451,0.02977,0.00976,0.00342,17.6250
2.129652,0.02879,0.01025,0.00195,17.6250
2.130852,0.02342,0.01025,-0.00049,17.6250
2.132053,0.02391,0.00976,-0.00537,17.6250
2.133253,0.02928,0.00878,-0.00098,17.6250
2.134454,0.02489,0.01220,0.00146,17.6250
2.135654,0.02245,0.00976,0.00098,17.6250
2.136855,0.02879,0.00976,-0.00244,17.6250
2.138055,0.03270,0.00683,0.00293,17.6250
2.139256,0.02489,0.00781,-0.00098,17.6250
2.140456,0.02928,0.00830,-0.00293,17.6250
2.141657,0.02440,0.01171,0.00049,17.6250
2.142857,0.02928,0.00488,-0.00000,17.6250
2.144058,0.02440,0.01220,-0.00342,17.6250
2.145258,0.02928,0.01025,-0.00293,17.6250
2.146459,0.02684,0.00781,0.00049,17.6250
2.147659,0.02440,0.00732,0.00537,17.6250
2.148860,0.02586,0.01171,-0.00732,17.6250
2.150060,0.02342,0.01074,-0.00732,17.6250
2.151261,0.02196,0.00390,-0.00195,17.6250
2.152461,0.02196,0.00781,-0.00098,17.6250
2.153661,0.02489,0.00732,0.00244,17.6250
2.154862,0.02196,0.00976,-0.00488,17.6250
2.156062,0.02635,0.00830,0.00098,17.6250
2.157263,0.02684,0.01122,0.00098,17.6250
2.158463,0.02635,0.00830,0.00293,17.6250
2.159664,0.02391,0.00927,-0.00195,17.6250
2.160864,0.02538,0.01366,-0.00244,17.6250
2.162065,0.02489,0.00927,-0.00049,17.6250
2.163265,0.02928,0.00878,-0.00146,17.6250
2.164466,0.02294,0.01025,-0.00146,17.6250
2.165666,0.02391,0.00634,-0.00146,17.6250
2.166867,0.02440,0.00537,0.00244,17.6250
2.168067,0.02489,0.00976,-0.00049,17.6250
2.169268,0.02294,0.00830,-0.00049,17.6250
2.170468,0.02342,0.00586,0.00195,17.6250
2.171669,0.02830,0.01269,-0.00049,17.6250
2.172869,0.02342,0.01220,0.00098,17.6250
2.174070,0.02782,0.01074,-0.00439,17.6250
2.175270,0.03123,0.00830,0.00049,17.6250
2.176471,0.02928,0.00927,0.00049,17.6250
2.177671,0.02001,0.00830,-0.00146,17.6250
2.178872,0.02733,0.01269,-0.00146,17.6250
2.180072,0.02684,0.00586,-0.00244,17.6250
2.181273,0.02684,0.01074,0.00390,17.6250
2.182473,0.02050,0.01025,-0.00000,17.6250
2.183673,0.02733,0.00683,-0.00195,17.6250
2.184874,0.02196,0.01171,-0.00195,17.6250
2.186074,0.02928,0.00878,-0.00244,17.6250
2.187275,0.02830,0.01562,0.00098,17.6250
2.188475,0.03270,0.01366,0.00049,17.6250
2.189676,0.02391,0.00976,-0.00244,17.6250
2.190876,0.02050,0.00878,-0.00195,17.6250
2.192077,0.02830,0.00781,0.00098,17.6250
2.193277,0.02782,0.00781,-0.00342,17.6250
2.194478,0.02391,0.01074,0.00439,17.6250
2.195678,0.02928,0.00586,0.00049,17.6250
2.196879,0.02733,0.01269,-0.00146,17.6250
2.198079,0.02147,0.01220,0.00098,17.6250
2.199280,0.02391,0.00976,-0.00537,17.6250
2.200480,0.02391,0.01220,0.00195,17.6250
2.201681,0.02489,0.01708,-0.00146,17.6250
2.202881,0.02586,0.01074,0.00293,17.6250
2.204082,0.02294,0.01513,0.00293,17.6250
2.205282,0.02440,0.00927,-0.00244,17.6250
2.206483,0.02684,0.00830,0.00439,17.6250
2.207683,0.02489,0.01318,-0.00098,17.6250
2.208884,0.02440,0.00439,-0.00049,17.6250
2.210084,0.02440,0.01269,0.00342,17.6250
2.211285,0.02489,0.00976,0.00293,17.6250
2.212485,0.01952,0.00878,-0.00195,17.6250
2.213685,0.02586,0.01025,0.00049,17.6250
2.214886,0.02196,0.01025,-0.00146,17.6250
2.216086,0.02538,0.01366,-0.00244,17.6250
2.217287,0.02098,0.01269,-0.00195,17.6250
2.218487,0.02782,0.01074,0.00146,17.6250
2.219688,0.02586,0.00927,-0.00537,17.6250
2.220888,0.02098,0.00732,0.00098,17.6250
2.222089,0.02586,0.01074,-0.00244,17.6250
2.223289,0.02294,0.00244,-0.00098,17.6250
2.224490,0.03074,0.01269,0.00390,17.6250
2.225690,0.02684,0.00976,0.00146,17.6250
2.226891,0.02294,0.00488,-0.00098,17.6250
2.228091,0.02586,0.01171,0.00537,17.6250
2.229292,0.02489,0.00732,-0.00439,17.6250
2.230492,0.02879,0.00878,0.00000,17.6250
2.231693,0.02635,0.00488,0.00293,17.6250
2.232893,0.02684,0.00781,-0.00390,17.6250
2.234094,0.02196,0.01025,0.00146,17.6250
2.235294,0.02782,0.00976,-0.00049,17.6250
2.236495,0.03172,0.01074,0.00488,17.6250
2.237695,0.02733,0.00781,0.00244,17.6250
2.238896,0.02489,0.01171,0.00146,17.6250
2.240096,0.02586,0.00537,-0.00439,17.6250
2.241297,0.02245,0.00830,-0.00098,17.6250
2.242497,0.02586,0.00195,0.00488,17.6250
2.243697,0.02196,0.00927,0.00244,17.6250
2.244898,0.02538,0.00830,-0.00195,17.6250
2.246098,0.02391,0.00927,-0.00049,17.6250
2.247299,0.02294,0.01171,-0.00537,17.6250
2.248499,0.02684,0.01366,0.00049,17.6250
2.249700,0.02050,0.00634,-0.00293,17.6250
2.250900,0.02489,0.00927,-0.00439,17.6250
2.252101,0.02147,0.00390,-0.00293,17.6250
2.253301,0.03074,0.01562,0.00244,17.6250
2.254502,0.03123,0.01366,-0.00439,17.6250
2.255702,0.02782,0.01122,-0.00830,17.6250
2.256903,0.03074,0.01366,0.00634,17.6250
2.258103,0.02684,0.01269,-0.00146,17.6250
2.259304,0.02684,0.00830,-0.00146,17.6250
2.260504,0.02391,0.01220,-0.00342,17.6250
2.261705,0.02245,0.01366,0.00342,17.6250
2.262905,0.02538,0.01220,0.00195,17.6250
2.264106,0.02342,0.00976,0.00244,17.6250
2.265306,0.02391,0.00878,0.00146,17.6250
2.266507,0.02733,0.01708,0.00244,17.6250
2.267707,0.02489,0.01074,0.00146,17.6250
2.268908,0.02050,0.01171,-0.00049,17.6250
2.270108,0.02440,0.00586,0.00293,17.6250
2.271309,0.02294,0.01220,0.00049,17.6250
2.272509,0.02440,0.01074,-0.00146,17.6250
2.273709,0.02196,0.00732,0.00098,17.6250
2.274910,0.02879,0.01366,-0.00586,17.6250
2.276110,0.03074,0.00976,0.00049,17.6250
2.277311,0.02196,0.01171,-0.00195,17.6250
2.278511,0.02733,0.01122,-0.00439,17.6250
2.279712,0.02684,0.00781,0.00195,17.6250
2.280912,0.02196,0.01074,0.00586,17.6250
2.282113,0.02538,0.01415,0.00390,17.6250
2.283313,0.02928,0.00683,0.00195,17.6250
2.284514,0.02782,0.00683,-0.00244,17.6250
2.285714,0.03026,0.00732,-0.00439,17.6250
2.286915,0.02147,0.01220,-0.00098,17.6250
2.288115,0.02294,0.00878,-0.00195,17.6250
2.289316,0.02586,0.01074,0.00049,17.6250
2.290516,0.02635,0.01366,0.00537,17.6250
2.291717,0.02538,0.00683,0.00244,17.6250
2.292917,0.02391,0.01464,0.00098,17.6250
2.294118,0.02391,0.01025,0.00098,17.6250
2.295318,0.02342,0.00927,-0.00439,17.6250
2.296519,0.02635,0.01464,0.00195,17.6250
2.297719,0.01708,0.01122,0.00049,17.6250
2.298920,0.02977,0.00586,-0.00195,17.6250
2.300120,0.02342,0.00976,-0.00000,17.6250
2.301321,0.02098,0.00781,-0.00049,17.6250
2.302521,0.02684,0.01074,0.00195,17.6250
2.303721,0.02098,0.00878,-0.00146,17.6250
2.304922,0.02635,0.00878,0.00342,17.6250
2.306122,0.02391,0.01269,0.00000,17.6250
2.307323,0.02684,0.00488,-0.00146,17.6250
2.308523,0.02733,0.01074,0.00439,17.6250
2.309724,0.02879,0.00927,-0.00049,17.6250
2.310924,0.02342,0.01074,0.00000,17.6250
2.312125,0.02440,0.00293,-0.00293,17.6250
2.313325,0.02489,0.00732,0.00342,17.6250
2.314526,0.02098,0.00878,-0.00000,17.6250
2.315726,0.02684,0.01513,0.00146,17.6250
2.316927,0.02538,0.00634,-0.00098,17.6250
2.318127,0.02098,0.00683,0.00098,17.6250
2.319328,0.02879,0.00927,-0.00390,17.6250
2.320528,0.02928,0.01074,-0.00146,17.6250
2.321729,0.02098,0.00830,-0.00390,17.6250
2.322929,0.02684,0.01025,-0.00098,17.6250
2.324130,0.02879,0.00488,0.00244,17.6250
2.325330,0.02782,0.01513,-0.00146,17.6250
2.326531,0.02196,0.00878,-0.00000,17.6250
2.327731,0.02098,0.01025,0.00049,17.6250
2.328932,0.02489,0.01806,0.00488,17.6250
2.330132,0.02342,0.00830,0.00244,17.6250
2.331333,0.02489,0.00634,-0.00488,17.6250
2.332533,0.02489,0.00683,0.00390,17.6250
2.333733,0.02684,0.01513,-0.00488,17.6250
2.334934,0.02342,0.00927,-0.00439,17.6250
2.336134,0.02440,0.00781,0.00049,17.6250
2.337335,0.03416,0.00976,0.00488,17.6250
2.338535,0.02489,0.00976,-0.00244,17.6250
2.339736,0.02733,0.01318,-0.00342,17.6250
2.340936,0.02586,0.01220,-0.00098,17.6250
2.342137,0.02586,0.01122,0.00049,17.6250
2.343337,0.02245,0.01122,0.00390,17.6250
2.344538,0.02684,0.00781,0.00000,17.6250
2.345738,0.02489,0.00634,-0.00098,17.6250
2.346939,0.02733,0.01122,-0.00146,17.6250
2.348139,0.03123,0.01171,0.00049,17.6250
2.349340,0.02586,0.01074,0.00146,17.6250
2.350540,0.02733,0.01074,-0.00293,17.6250
2.351741,0.02196,0.01171,-0.00049,17.6250
2.352941,0.02538,0.00634,0.00195,17.6250
2.354142,0.02977,0.00878,0.00634,17.6250
2.355342,0.02489,0.00732,0.00146,17.6250
2.356543,0.02294,0.00439,-0.00683,17.6250
2.357743,0.02586,0.01171,-0.00195,17.6250
2.358944,0.02440,0.00927,0.00098,17.6250
2.360144,0.02440,0.01122,-0.00098,17.6250
2.361345,0.02391,0.01171,0.00342,17.6250
2.362545,0.03123,0.00732,-0.00098,17.6250
2.363745,0.02245,0.01464,0.00146,17.6250
2.364946,0.02391,0.01074,0.00146,17.6250
2.366146,0.02342,0.01318,-0.00146,17.6250
2.367347,0.02879,0.01513,-0.00146,17.6250
2.368547,0.02440,0.00878,-0.00098,17.6250
2.369748,0.02879,0.00830,-0.00342,17.6250
2.370948,0.02538,0.01074,0.00000,17.6250
2.372149,0.02489,0.01318,-0.00195,17.6250
2.373349,0.02050,0.01366,-0.00000,17.6250
2.374550,0.02879,0.00390,-0.00342,17.6250
2.375750,0.02684,0.01415,0.00488,17.6250
2.376951,0.02635,0.00878,0.00146,17.6250
2.378151,0.02489,0.01171,0.00390,17.6250
2.379352,0.02391,0.00586,-0.00195,17.6250
2.380552,0.02147,0.00732,-0.00098,17.6250
2.381753,0.02782,0.01122,0.00146,17.6250
2.382953,0.02586,0.00488,0.00098,17.6250
2.384154,0.02391,0.01220,0.00098,17.6250
2.385354,0.02294,0.00830,0.00244,17.6250
2.386555,0.02538,0.01074,0.00146,17.6250
2.387755,0.02489,0.01025,0.00342,17.6250
2.388956,0.02977,0.00830,-0.00146,17.6250
2.390156,0.02733,0.01415,0.00293,17.6250
2.391357,0.02342,0.01708,-0.01074,17.6250
2.392557,0.02196,0.01171,0.00098,17.6250
2.393758,0.02440,0.00488,-0.00098,17.6250
2.394958,0.02245,0.01025,-0.00146,17.6250
2.396158,0.02538,0.00927,-0.00000,17.6250
2.397359,0.02635,0.01269,-0.00049,17.6250
2.398559,0.02684,0.01025,0.00098,17.6250
2.399760,0.02635,0.01659,-0.00293,17.6250
2.400960,0.02440,0.01220,-0.00195,17.6250
2.402161,0.02684,0.01171,0.00098,17.6250
2.403361,0.02245,0.00878,-0.00146,17.6250
2.404562,0.02489,0.00732,-0.00146,17.6250
2.405762,0.02733,0.00976,0.00146,17.6250
2.406963,0.02586,0.01074,0.00049,17.6250
2.408163,0.02147,0.01122,-0.00146,17.6250
2.409364,0.02147,0.01074,-0.00244,17.6250
2.410564,0.02001,0.00927,0.00146,17.6250
2.411765,0.03026,0.01025,0.00244,17.6250
2.412965,0.02050,0.00878,0.00195,17.6250
2.414166,0.02489,0.00683,0.00146,17.6250
2.415366,0.03074,0.00732,-0.00098,17.6250
2.416567,0.02830,0.01171,-0.00244,17.6250
2.417767,0.02928,0.01220,-0.00049,17.6250
2.418968,0.02342,0.00927,-0.00049,17.6250
2.420168,0.02733,0.00976,-0.00195,17.6250
2.421369,0.03416,0.01171,0.00049,17.6250
2.422569,0.02489,0.00976,0.00830,17.6250
2.423770,0.02635,0.01952,-0.00146,17.6250
2.424970,0.02391,0.01025,-0.00098,17.6250
2.426170,0.02489,0.00830,0.00195,17.6250
2.427371,0.02635,0.00439,-0.00244,17.6250
2.428571,0.02928,0.01074,-0.00146,17.6250
2.429772,0.02245,0.01318,-0.00146,17.6250
2.430972,0.02098,0.00976,-0.00049,17.6250
2.432173,0.02538,0.01366,0.00244,17.6250
2.433373,0.02586,0.00830,0.00146,17.6250
2.434574,0.02928,0.00976,-0.00439,17.6250
2.435774,0.02733,0.00927,-0.00098,17.6250
2.436975,0.02342,0.00781,-0.00293,17.6250
2.438175,0.02684,0.00537,0.00098,17.6250
2.439376,0.02830,0.00732,-0.00146,17.6250
2.440576,0.02586,0.00439,0.00293,17.6250
2.441777,0.02391,0.01220,0.00586,17.6250
2.442977,0.02733,0.00927,-0.00098,17.6250
2.444178,0.02391,0.00976,0.00049,17.6250
2.445378,0.01952,0.00830,0.00195,17.6250
2.446579,0.02928,0.01269,-0.00195,17.6250
2.447779,0.02147,0.00732,-0.00439,17.6250
2.448980,0.02391,0.01513,0.00146,17.6250
2.450180,0.02391,0.01318,0.00098,17.6250
2.451381,0.02391,0.00781,-0.00586,17.6250
2.452581,0.02440,0.00927,-0.00049,17.6250
2.453782,0.02098,0.01171,-0.00146,17.6250
2.454982,0.02684,0.01366,-0.00195,17.6250
2.456182,0.02538,0.00781,-0.00000,17.6250
2.457383,0.02538,0.00830,-0.00439,17.6250
2.458583,0.02830,0.01757,-0.00439,17.6250
2.459784,0.02830,0.01269,0.00342,17.6250
2.460984,0.02928,0.01269,0.00146,17.6250
2.462185,0.03074,0.01562,-0.00049,17.6250
2.463385,0.02635,0.01122,0.00000,17.6250
2.464586,0.02050,0.00878,0.00098,17.6250
2.465786,0.02586,0.00488,-0.00000,17.6250
2.466987,0.02489,0.01269,0.00683,17.6250
2.468187,0.02538,0.00683,-0.00195,17.6250
2.469388,0.02342,0.01220,0.00146,17.6250
2.470588,0.02245,0.00390,-0.00342,17.6250
2.471789,0.02733,0.00878,0.00146,17.6250
2.472989,0.02782,0.00976,0.00488,17.6250
2.474190,0.02196,0.00634,-0.00049,17.6250
2.475390,0.02684,0.00830,-0.00244,17.6250
2.476591,0.02440,0.00732,-0.00488,17.6250
2.477791,0.02391,0.01025,0.00293,17.6250
2.478992,0.02733,0.00634,-0.00195,17.6250
2.480192,0.02489,0.00927,0.00049,17.6250
2.481393,0.02342,0.01415,0.00195,17.6250
2.482593,0.02538,0.01415,-0.00293,17.6250
2.483794,0.01903,0.01562,0.00000,17.6250
2.484994,0.02342,0.01122,0.00390,17.6250
2.486194,0.02391,0.00878,-0.00244,17.6250
2.487395,0.02098,0.01122,-0.00098,17.6250
2.488595,0.02538,0.01220,-0.00000,17.6250
2.489796,0.02586,0.01074,-0.00488,17.6250
2.490996,0.02342,0.01415,-0.00146,17.6250
2.492197,0.02440,0.00781,0.00244,17.6250
2.493397,0.02684,0.00927,0.00586,17.6250
2.494598,0.02830,0.00537,-0.00293,17.6250
2.495798,0.02294,0.00878,0.00000,17.6250
2.496999,0.02586,0.01366,0.00098,17.6250
2.498199,0.02830,0.01025,-0.00098,17.6250
2.499400,0.02489,0.01220,-0.00195,17.6250
2.500600,0.02294,0.01122,-0.00049,17.6250
2.501801,0.02294,0.01269,-0.00146,17.6250
2.503001,0.02391,0.00732,-0.00244,17.6250
2.504202,0.02196,0.01171,-0.00098,17.6250
2.505402,0.03123,0.01220,-0.00049,17.6250
2.506603,0.02342,0.01366,-0.00683,17.6250
2.507803,0.02635,0.01415,0.00049,17.6250
2.509004,0.02538,0.00830,-0.00049,17.6250
2.510204,0.02684,0.00586,0.00000,17.6250
2.511405,0.02391,0.00830,-0.00586,17.6250
2.512605,0.02098,0.01415,0.00586,17.6250
2.513806,0.02977,0.00683,-0.00000,17.6250
2.515006,0.02489,0.00586,-0.00488,17.6250
2.516206,0.02538,0.00586,0.00293,17.6250
2.517407,0.02538,0.00586,0.00195,17.6250
2.518607,0.02879,0.01220,-0.00146,17.6250
2.519808,0.02733,0.00781,0.00342,17.6250
2.521008,0.02830,0.00830,0.00146,17.6250
2.522209,0.02733,0.01366,-0.00293,17.6250
2.523409,0.02538,0.01269,-0.00195,17.6250
2.524610,0.02586,0.01269,0.00098,17.6250
2.525810,0.02294,0.00781,0.00488,17.6250
2.527011,0.01903,0.00488,-0.00146,17.6250
2.528211,0.02440,0.01122,0.00390,17.6250
2.529412,0.02196,0.01513,0.00049,17.6250
2.530612,0.03270,0.00878,-0.00195,17.6250
2.531813,0.02977,0.00927,0.00390,17.6250
2.533013,0.02830,0.00049,-0.00244,17.6250
2.534214,0.02342,0.01513,-0.00049,17.6250
2.535414,0.03123,0.00927,-0.00634,17.6250
2.536615,0.02001,0.00488,-0.00098,17.6250
2.537815,0.02147,0.00976,0.00244,17.6250
2.539016,0.02245,0.00830,-0.00390,17.6250
2.540216,0.02196,0.01171,-0.00439,17.6250
2.541417,0.02538,0.01659,0.00439,17.6250
2.542617,0.02538,0.00781,0.00195,17.6250
2.543818,0.03074,0.01025,-0.00244,17.6250
2.545018,0.02782,0.00878,-0.00000,17.6250
2.546218,0.02879,0.00781,0.00586,17.6250
2.547419,0.02635,0.01122,-0.00342,17.6250
2.548619,0.02440,0.01464,0.00293,17.6250
2.549820,0.02294,0.01122,0.00146,17.6250
2.551020,0.02050,0.00878,0.00098,17.6250
2.552221,0.02245,0.01171,-0.00049,17.6250
2.553421,0.02391,0.01074,0.00244,17.6250
2.554622,0.02733,0.01269,-0.00293,17.6250
2.555822,0.02001,0.00830,0.00049,17.6250
2.557023,0.02098,0.01025,0.00390,17.6250
2.558223,0.02586,0.01513,-0.00049,17.6250
2.559424,0.02196,0.01025,0.00049,17.6250
2.560624,0.02586,0.01269,0.00244,17.6250
2.561825,0.02391,0.00976,-0.00488,17.6250
2.563025,0.02294,0.01025,-0.00634,17.6250
2.564226,0.02098,0.00781,0.00390,17.6250
2.565426,0.02489,0.01854,0.00098,17.6250
2.566627,0.02294,0.01366,0.00146,17.6250
2.567827,0.02294,0.01366,-0.00146,17.6250
2.569028,0.02294,0.01366,0.00000,17.6250
2.570228,0.02538,0.00683,0.00244,17.6250
2.571429,0.02538,0.00781,-0.00000,17.6250
2.572629,0.02001,0.00927,-0.00146,17.6250
2.573830,0.02440,0.00488,-0.00244,17.6250
2.575030,0.02635,0.00732,-0.00439,17.6250
2.576230,0.02830,0.01269,-0.00732,17.6250
2.577431,0.02733,0.00342,-0.00146,17.6250
2.578631,0.02586,0.00732,-0.00146,17.6250
2.579832,0.02147,0.00976,0.00732,17.6250
2.581032,0.02245,0.00976,-0.00195,17.6250
2.582233,0.02782,0.00976,-0.00342,17.6250
2.583433,0.02294,0.00781,0.00537,17.6250
2.584634,0.02830,0.01269,-0.00244,17.6250
2.585834,0.02879,0.00293,-0.00098,17.6250
2.587035,0.02196,0.01122,0.00293,17.6250
2.588235,0.02635,0.00537,0.00293,17.6250
2.589436,0.02489,0.00781,0.00293,17.6250
2.590636,0.03123,0.00976,0.00195,17.6250
2.591837,0.02733,0.01464,-0.00293,17.6250
2.593037,0.02342,0.00732,-0.00195,17.6250
2.594238,0.02635,0.00586,-0.00146,17.6250
2.595438,0.02245,0.01269,0.00195,17.6250
2.596639,0.02440,0.00976,-0.00049,17.6250
2.597839,0.02538,0.01025,0.00342,17.6250
2.599040,0.02538,0.01171,0.00098,17.6250
2.600240,0.02586,0.01318,0.00098,17.6250
2.601441,0.02245,0.01025,-0.00634,17.6250
2.602641,0.01952,0.00342,0.00049,17.6250
2.603842,0.02391,0.00927,-0.00293,17.6250
2.605042,0.02245,0.01025,0.00293,17.6250
2.606242,0.02294,0.00634,-0.00049,17.6250
2.607443,0.03123,0.00683,0.00244,17.6250
2.608643,0.02830,0.01171,0.00195,17.6250
2.609844,0.02440,0.01074,-0.00146,17.6250
2.611044,0.02050,0.00732,-0.00195,17.6250
2.612245,0.02098,0.01171,0.00342,17.6250
2.613445,0.02586,0.01025,0.00439,17.6250
2.614646,0.02830,0.00634,-0.00195,17.6250
2.615846,0.02391,0.00927,-0.00439,17.6250
2.617047,0.02538,0.00586,0.00293,17.6250
2.618247,0.02586,0.00732,-0.00390,17.6250
2.619448,0.02830,0.01074,0.00000,17.6250
2.620648,0.01952,0.00634,-0.00586,17.6250
2.621849,0.02538,0.00634,0.00342,17.6250
2.623049,0.02635,0.01122,0.00146,17.6250
2.624250,0.02782,0.00683,-0.00098,17.6250
2.625450,0.02635,0.00927,-0.00342,17.6250
2.626651,0.02147,0.00927,-0.00830,17.6250
2.627851,0.02342,0.00927,-0.00000,17.6250
2.629052,0.02050,0.01122,0.00244,17.6250
2.630252,0.02538,0.00878,0.00098,17.6250
2.631453,0.02538,0.00781,-0.00390,17.6250
2.632653,0.02635,0.00878,0.00244,17.6250
2.633854,0.02196,0.01366,0.00146,17.6250
2.635054,0.02147,0.01269,-0.00439,17.6250
2.636255,0.02977,0.00976,-0.00488,17.6250
2.637455,0.02538,0.01366,-0.00293,17.6250
2.638655,0.03026,0.01220,0.00390,17.6250
2.639856,0.02635,0.00683,-0.00146,17.6250
2.641056,0.02050,0.01464,0.00537,17.6250
2.642257,0.02733,0.01854,0.00390,17.6250
2.643457,0.02879,0.01122,-0.00488,17.6250
2.644658,0.02342,0.00537,-0.00049,17.6250
2.645858,0.01903,0.01464,0.01025,17.6250
2.647059,0.02684,0.01171,0.00000,17.6250
2.648259,0.02440,0.00976,0.00244,17.6250
2.649460,0.02586,0.00390,0.00146,17.6250
2.650660,0.01708,0.00976,-0.00049,17.6250
2.651861,0.02635,0.00927,-0.00195,17.6250
2.653061,0.01659,0.00927,0.00098,17.6250
2.654262,0.02245,0.00878,0.00146,17.6250
2.655462,0.02782,0.01269,0.00195,17.6250
2.656663,0.01952,0.00878,0.00293,17.6250
2.657863,0.01952,0.01122,-0.00293,17.6250
2.659064,0.02342,0.00439,-0.00244,17.6250
2.660264,0.02977,0.00683,0.00244,17.6250
2.661465,0.02977,0.00976,0.00049,17.6250
2.662665,0.02294,0.00732,-0.00537,17.6250
2.663866,0.02782,0.01025,-0.00244,17.6250
2.665066,0.02684,0.00976,0.00732,17.6250
2.666267,0.02586,0.01074,-0.00098,17.6250
2.667467,0.02586,0.00878,-0.00049,17.6250
2.668667,0.02294,0.01171,0.00146,17.6250
2.669868,0.02733,0.00586,0.00146,17.6250
2.671068,0.02830,0.00878,-0.00390,17.6250
2.672269,0.03318,0.01464,-0.00195,17.6250
2.673469,0.02782,0.00878,0.00488,17.6250
2.674670,0.01757,0.01464,-0.00293,17.6250
2.675870,0.02147,0.01122,0.00049,17.6250
2.677071,0.02586,0.00927,0.00439,17.6250
2.678271,0.02538,0.01025,-0.00000,17.6250
2.679472,0.01952,0.01464,-0.00000,17.6250
2.680672,0.02440,0.00927,-0.00244,17.6250
2.681873,0.02391,0.00683,-0.00195,17.6250
2.683073,0.02489,0.01171,0.00342,17.6250
2.684274,0.02440,0.01220,0.00195,17.6250
2.685474,0.02782,0.01269,0.00098,17.6250
2.686675,0.02928,0.00537,-0.00146,17.6250
2.687875,0.02684,0.01122,0.00537,17.6250
2.689076,0.02147,0.01025,0.00537,17.6250
2.690276,0.02245,0.00927,0.00049,17.6250
2.691477,0.02294,0.00878,-0.00244,17.6250
2.692677,0.02489,0.01122,-0.00293,17.6250
2.693878,0.02391,0.00976,0.00683,17.6250
2.695078,0.02391,0.00976,0.00781,17.6250
2.696279,0.02245,0.01610,-0.00195,17.6250
2.697479,0.02782,0.01025,0.00098,17.6250
2.698679,0.02733,0.00634,-0.00586,17.6250
2.699880,0.02782,0.00732,-0.00244,17.6250
2.701080,0.02489,0.00781,0.00586,17.6250
2.702281,0.02635,0.00537,0.00244,17.6250
2.703481,0.02245,0.01318,0.00293,17.6250
2.704682,0.02196,0.01562,-0.00098,17.6250
2.705882,0.02342,0.00830,-0.00293,17.6250
2.707083,0.02684,0.01269,-0.00098,17.6250
2.708283,0.02440,0.00781,0.00342,17.6250
2.709484,0.02147,0.00781,0.00146,17.6250
2.710684,0.02538,0.00488,0.00195,17.6250
2.711885,0.02635,0.00976,0.00195,17.6250
2.713085,0.02538,0.01366,-0.00195,17.6250
2.714286,0.02294,0.01366,0.00049,17.6250
2.715486,0.02538,0.01171,-0.00244,17.6250
2.716687,0.02391,0.00927,-0.00293,17.6250
2.717887,0.02391,0.01366,0.00146,17.6250
2.719088,0.02489,0.01513,-0.00390,17.6250
2.720288,0.02733,0.00781,0.00488,17.6250
2.721489,0.03026,0.01074,0.00098,17.6250
2.722689,0.02977,0.00976,-0.00390,17.6250
2.723890,0.02684,0.00830,-0.00146,17.6250
2.725090,0.02391,0.00634,-0.00293,17.6250
2.726291,0.02391,0.00732,0.00293,17.6250
2.727491,0.02440,0.01025,0.00195,17.6250
2.728691,0.02830,0.01074,0.00049,17.6250
2.729892,0.01659,0.01025,0.00537,17.6250
2.731092,0.02586,0.01366,0.00049,17.6250
2.732293,0.01903,0.00781,-0.00049,17.6250
2.733493,0.02489,0.00634,-0.00244,17.6250
2.734694,0.02879,0.00634,-0.00342,17.6250
2.735894,0.02245,0.01122,0.00146,17.6250
2.737095,0.01806,0.00830,0.00244,17.6250
2.738295,0.02879,0.00488,-0.00000,17.6250
2.739496,0.02928,0.01269,0.00098,17.6250
2.740696,0.02635,0.01415,0.00049,17.6250
2.741897,0.02879,0.01074,0.00537,17.6250
2.743097,0.02245,0.01171,0.00098,17.6250
2.744298,0.02830,0.00586,0.00390,17.6250
2.745498,0.03026,0.00586,-0.00049,17.6250
2.746699,0.02684,0.01025,-0.00244,17.6250
2.747899,0.02586,0.01074,-0.00439,17.6250
2.749100,0.02879,0.00927,-0.00342,17.6250
2.750300,0.02830,0.00927,0.00146,17.6250
2.751501,0.02294,0.00830,-0.00293,17.6250
2.752701,0.02928,0.01415,0.00342,17.6250
2.753902,0.02733,0.00732,-0.00098,17.6250
2.755102,0.02538,0.00976,-0.00537,17.6250
2.756303,0.02879,0.01318,0.00049,17.6250
2.757503,0.02782,0.00683,-0.00146,17.6250
2.758703,0.02733,0.01025,0.00586,17.6250
2.759904,0.02342,0.00976,0.00195,17.6250
2.761104,0.02733,0.01171,-0.00293,17.6250
2.762305,0.02147,0.00244,0.00049,17.6250
2.763505,0.02440,0.00927,-0.00439,17.6250
2.764706,0.02001,0.00781,-0.00488,17.6250
2.765906,0.02001,0.01318,-0.00000,17.6250
2.767107,0.02635,0.00976,0.00146,17.6250
2.768307,0.02489,0.00830,-0.00146,17.6250
2.769508,0.02538,0.01269,0.00342,17.6250
2.770708,0.02684,0.01171,-0.00537,17.6250
2.771909,0.02586,0.01318,0.00146,17.6250
2.773109,0.02245,0.01318,0.00098,17.6250
2.774310,0.02538,0.01220,-0.00439,17.6250
2.775510,0.02489,0.00830,0.00146,17.6250
2.776711,0.02342,0.01074,-0.00098,17.6250
2.777911,0.02440,0.01074,0.00342,17.6250
2.779112,0.02391,0.01122,-0.00488,17.6250
2.780312,0.02294,0.01122,0.00195,17.6250
2.781513,0.02391,0.01025,-0.00098,17.6250
2.782713,0.02586,0.00878,0.00439,17.6250
2.783914,0.03123,0.00976,0.00781,17.6250
2.785114,0.02245,0.00683,-0.00098,17.6250
2.786315,0.02635,0.00732,-0.00098,17.6250
2.787515,0.02050,0.01220,-0.00049,17.6250
2.788715,0.02977,0.00927,-0.00049,17.6250
2.789916,0.02391,0.01025,0.00293,17.6250
2.791116,0.02538,0.00830,-0.00146,17.6250
2.792317,0.02879,0.00488,-0.00244,17.6250
2.793517,0.02782,0.00878,-0.00000,17.6250
2.794718,0.02050,0.01464,-0.00000,17.6250
2.795918,0.02684,0.00976,0.00439,17.6250
2.797119,0.02440,0.00781,-0.00146,17.6250
2.798319,0.02684,0.01220,-0.00195,17.6250
2.799520,0.02538,0.00878,0.00195,17.6250
2.800720,0.02733,0.00830,0.00146,17.6250
2.801921,0.02586,0.00537,-0.00293,17.6250
2.803121,0.02440,0.00488,-0.00098,17.6250
2.804322,0.02830,0.01122,-0.00439,17.6250
2.805522,0.02050,0.01025,0.00244,17.6250
2.806723,0.02391,0.01025,-0.00244,17.6250
2.807923,0.02196,0.01220,-0.00195,17.6250
2.809124,0.02440,0.00878,-0.00146,17.6250
2.810324,0.02391,0.01025,-0.00293,17.6250
2.811525,0.02440,0.00732,0.00000,17.6250
2.812725,0.02342,0.00732,0.00244,17.6250
2.813926,0.02342,0.00781,0.00098,17.6250
2.815126,0.02001,0.01269,0.00634,17.6250
2.816327,0.02489,0.01220,0.00049,17.6250
2.817527,0.02586,0.00683,-0.00537,17.6250
2.818727,0.02342,0.00927,-0.00000,17.6250
2.819928,0.02294,0.01025,-0.00195,17.6250
2.821128,0.02294,0.00781,0.00293,17.6250
2.822329,0.03026,0.01220,-0.00098,17.6250
2.823529,0.02538,0.00781,0.00098,17.6250
2.824730,0.02635,0.00878,-0.00439,17.6250
2.825930,0.02391,0.00878,-0.00244,17.6250
2.827131,0.02342,0.00439,0.00049,17.6250
2.828331,0.02245,0.00488,-0.00098,17.6250
2.829532,0.02977,0.00732,-0.00000,17.6250
2.830732,0.02001,0.01366,0.00488,17.6250
2.831933,0.02586,0.01171,-0.00390,17.6250
2.833133,0.02489,0.01122,-0.00390,17.6250
2.834334,0.02440,0.00830,0.00390,17.6250
2.835534,0.02050,0.00878,0.00049,17.6250
2.836735,0.02147,0.01025,-0.00195,17.6250
2.837935,0.02782,0.01074,0.00098,17.6250
2.839136,0.02294,0.00537,0.00293,17.6250
2.840336,0.02782,0.00781,-0.00244,17.6250
2.841537,0.02684,0.00781,0.00293,17.6250
2.842737,0.02684,0.01415,-0.00049,17.6250
2.843938,0.02733,0.00830,0.00439,17.6250
2.845138,0.02147,0.00732,-0.00683,17.6250
2.846339,0.02342,0.01220,0.00537,17.6250
2.847539,0.02684,0.00878,-0.00049,17.6250
2.848739,0.02098,0.01269,0.00342,17.6250
2.849940,0.02977,0.00732,-0.00195,17.6250
2.851140,0.02342,0.01562,0.00146,17.6250
2.852341,0.02489,0.00976,0.00342,17.6250
2.853541,0.02196,0.01025,0.00049,17.6250
2.854742,0.02586,0.00927,-0.00146,17.6250
2.855942,0.02294,0.00976,-0.00244,17.6250
2.857143,0.02440,0.01025,-0.00195,17.6250
2.858343,0.02147,0.00878,0.00244,17.6250
2.859544,0.02879,0.01366,-0.00293,17.6250
2.860744,0.02001,0.00342,0.00195,17.6250
2.861945,0.02635,0.00634,0.00000,17.6250
2.863145,0.02586,0.00878,-0.00049,17.6250
2.864346,0.02635,0.00976,-0.00195,17.6250
2.865546,0.02196,0.01415,-0.00146,17.6250
2.866747,0.02830,0.01171,-0.00586,17.6250
2.867947,0.02782,0.00976,0.00195,17.6250
2.869148,0.02538,0.00781,-0.00146,17.6250
2.870348,0.02586,0.01610,0.00390,17.6250
2.871549,0.02440,0.01269,-0.00244,17.6250
2.872749,0.02684,0.01757,-0.00244,17.6250
2.873950,0.02245,0.00537,-0.00000,17.6250
2.875150,0.02684,0.01513,-0.00146,17.6250
2.876351,0.02635,0.00976,-0.00342,17.6250
2.877551,0.02098,0.00732,-0.00634,17.6250
2.878752,0.01708,0.01025,-0.00244,17.6250
2.879952,0.02489,0.01025,-0.00195,17.6250
2.881152,0.02440,0.00927,0.00195,17.6250
2.882353,0.02879,0.00586,0.00195,17.6250
2.883553,0.02538,0.00878,-0.00293,17.6250
2.884754,0.02342,0.00634,0.00244,17.6250
2.885954,0.02098,0.01025,-0.00293,17.6250
2.887155,0.02489,0.00586,-0.00195,17.6250
2.888355,0.02342,0.01074,-0.00146,17.6250
2.889556,0.02147,0.00878,-0.00293,17.6250
2.890756,0.02440,0.01269,0.00244,17.6250
2.891957,0.02830,0.00781,0.00439,17.6250
2.893157,0.02538,0.00586,-0.00293,17.6250
2.894358,0.02196,0.00586,0.00098,17.6250
2.895558,0.02586,0.01074,-0.00000,17.6250
2.896759,0.02147,0.02196,0.00146,17.6250
2.897959,0.02050,0.00586,-0.00195,17.6250
2.899160,0.02635,0.00830,0.00390,17.6250
2.900360,0.02342,0.01464,0.00195,17.6250
2.901561,0.02830,0.01171,0.00146,17.6250
2.902761,0.02586,0.01366,0.00634,17.6250
2.903962,0.02245,0.01074,-0.00195,17.6250
2.905162,0.02586,0.01122,-0.00000,17.6250
2.906363,0.02879,0.01025,0.00195,17.6250
2.907563,0.02440,0.00634,0.00293,17.6250
2.908764,0.02196,0.01074,0.00049,17.6250
2.909964,0.02294,0.00683,0.00195,17.6250
2.911164,0.02245,0.01171,0.00439,17.6250
2.912365,0.02147,0.00195,-0.00049,17.6250
2.913565,0.02098,0.00342,-0.00049,17.6250
2.914766,0.02635,0.00927,0.00049,17.6250
2.915966,0.02830,0.01025,-0.00732,17.6250
2.917167,0.02391,0.01513,0.00195,17.6250
2.918367,0.02733,0.00732,0.00146,17.6250
2.919568,0.02782,0.01171,0.00586,17.6250
2.920768,0.03026,0.00439,-0.00390,17.6250
2.921969,0.02440,0.01708,0.00098,17.6250
2.923169,0.02391,0.00195,0.00146,17.6250
2.924370,0.02635,0.01415,0.00195,17.6250
2.925570,0.02538,0.00878,-0.00342,17.6250
2.926771,0.02586,0.00439,-0.00927,17.6250
2.927971,0.02879,0.00781,0.00000,17.6250
2.929172,0.02391,0.01220,0.00098,17.6250
2.930372,0.02586,0.00927,0.00098,17.6250
2.931573,0.02196,0.00732,-0.00195,17.6250
2.932773,0.02440,0.01025,-0.00244,17.6250
2.933974,0.02294,0.00976,-0.00049,17.6250
2.935174,0.02294,0.01220,-0.00293,17.6250
2.936375,0.02440,0.01171,-0.00293,17.6250
2.937575,0.02342,0.00830,0.00098,17.6250
2.938776,0.02635,0.00732,0.00146,17.6250
2.939976,0.02733,0.00976,-0.00342,17.6250
2.941176,0.02050,0.00927,-0.00537,17.6250
2.942377,0.02782,0.01025,-0.00293,17.6250
2.943577,0.01854,0.00634,0.00195,17.6250
2.944778,0.02586,0.00976,-0.00098,17.6250
2.945978,0.02733,0.00732,0.00195,17.6250
2.947179,0.02294,0.01122,0.00195,17.6250
2.948379,0.02440,0.01025,0.00342,17.6250
2.949580,0.02245,0.00878,-0.00098,17.6250
2.950780,0.02782,0.00488,0.00049,17.6250
2.951981,0.01562,0.01269,0.00244,17.6250
2.953181,0.02196,0.00683,-0.00146,17.6250
2.954382,0.01903,0.00830,-0.00293,17.6250
2.955582,0.02538,0.00927,0.00342,17.6250
2.956783,0.02879,0.01074,0.00439,17.6250
2.957983,0.02879,0.00781,-0.00244,17.6250
2.959184,0.02684,0.00781,0.00146,17.6250
2.960384,0.02586,0.00537,0.00146,17.6250
2.961585,0.02294,0.01269,0.00049,17.6250
2.962785,0.02879,0.00830,-0.00098,17.6250
2.963986,0.02684,0.00830,-0.00244,17.6250
2.965186,0.02245,0.00342,-0.00342,17.6250
2.966387,0.02098,0.00781,0.00293,17.6250
2.967587,0.02294,0.01220,-0.00000,17.6250
2.968788,0.02830,0.01269,0.00195,17.6250
2.969988,0.02879,0.00634,-0.00537,17.6250
2.971188,0.02977,0.00976,0.00293,17.6250
2.972389,0.02245,0.01171,0.00293,17.6250
2.973589,0.02391,0.00537,0.00098,17.6250
2.974790,0.02928,0.00830,0.00634,17.6250
2.975990,0.02586,0.01171,0.00049,17.6250
2.977191,0.02733,0.01269,0.00049,17.6250
2.978391,0.02098,0.00537,-0.00293,17.6250
2.979592,0.02391,0.00634,-0.00195,17.6250
2.980792,0.02489,0.01318,0.00146,17.6250
2.981993,0.02391,0.00830,0.00098,17.6250
2.983193,0.02391,0.01074,0.00342,17.6250
2.984394,0.02001,0.00634,-0.00195,17.6250
2.985594,0.02977,0.01318,0.00146,17.6250
2.986795,0.02538,0.01074,-0.00293,17.6250
2.987995,0.02050,0.01366,-0.00049,17.6250
2.989196,0.02830,0.00683,-0.00195,17.6250
2.990396,0.02538,0.00781,-0.00683,17.6250
2.991597,0.02733,0.00586,0.00244,17.6250
2.992797,0.02440,0.00586,-0.00293,17.6250
2.993998,0.02245,0.00537,-0.00293,17.6250
2.995198,0.02294,0.01025,0.00049,17.6250
2.996399,0.02586,0.00683,-0.00342,17.6250
2.997599,0.02733,0.00927,-0.00293,17.6250
2.998800,0.02635,0.00732,-0.00781,17.6250
