t_s,ax_g,ay_g,az_g,speed_kph
0.000000,0.02586,0.01220,0.00049,40.0000
0.001200,0.02733,0.01366,0.00195,40.0000
0.002401,0.02586,0.01074,0.00195,40.0000
0.003601,0.02098,0.01318,0.00195,40.0000
0.004802,0.02782,0.01318,-0.00098,40.0000
0.006002,0.02635,0.01074,0.00146,40.0000
0.007203,0.02342,0.00976,-0.00146,40.0000
0.008403,0.02684,0.00878,-0.00293,40.0000
0.009604,0.02586,0.00634,-0.00439,40.0000
0.010804,0.02586,0.00537,-0.00098,40.0000
0.012005,0.02489,0.01415,0.00000,40.0000
0.013205,0.02684,0.01025,0.00439,40.0000
0.014406,0.02294,0.00830,-0.00195,40.0000
0.015606,0.02440,0.01464,0.00390,40.0000
0.016807,0.02342,0.01318,-0.00537,40.0000
0.018007,0.02684,0.01025,-0.00098,40.0000
0.019208,0.02489,0.01318,0.00634,40.0000
0.020408,0.02391,0.00976,-0.00146,40.0000
0.021609,0.02245,0.01122,-0.00342,40.0000
0.022809,0.02440,0.01562,-0.00342,40.0000
0.024010,0.02489,0.01318,0.00634,40.0000
0.025210,0.02440,0.00927,0.00342,40.0000
0.026411,0.02879,0.01220,-0.00195,40.0000
0.027611,0.02782,0.01366,-0.00195,40.0000
0.028812,0.01708,0.00976,-0.00781,40.0000
0.030012,0.01952,0.00878,-0.00098,40.0000
0.031212,0.02440,0.01562,0.00439,40.0000
0.032413,0.02391,0.00927,-0.00634,40.0000
0.033613,0.02586,0.00634,0.00293,40.0000
0.034814,0.02586,0.01074,0.00146,40.0000
0.036014,0.03123,0.01708,0.00439,40.0000
0.037215,0.02147,0.01220,-0.00195,40.0000
0.038415,0.02391,0.01318,0.00049,40.0000
0.039616,0.03123,0.00390,0.00390,40.0000
0.040816,0.02684,0.00878,0.00098,40.0000
0.042017,0.02684,0.01415,0.00195,40.0000
0.043217,0.02342,0.00927,-0.00146,40.0000
0.044418,0.02001,0.01415,-0.00098,40.0000
0.045618,0.02538,0.01171,-0.00195,40.0000
0.046819,0.02538,0.01171,0.00000,40.0000
0.048019,0.02147,0.01562,-0.00000,40.0000
0.049220,0.02294,0.00878,-0.00098,40.0000
0.050420,0.02489,0.00878,-0.00683,40.0000
0.051621,0.02196,0.01074,-0.00439,40.0000
0.052821,0.02489,0.01122,-0.00049,40.0000
0.054022,0.02538,0.00537,0.00342,40.0000
0.055222,0.02489,0.01415,-0.00293,40.0000
0.056423,0.02342,0.01122,-0.00195,40.0000
0.057623,0.02684,0.00976,-0.00049,40.0000
0.058824,0.02782,0.01220,0.00244,40.0000
0.060024,0.02586,0.00927,0.00488,40.0000
0.061224,0.02245,0.01415,0.00049,40.0000
0.062425,0.02733,0.01074,-0.00049,40.0000
0.063625,0.02342,0.01269,-0.00244,40.0000
0.064826,0.02782,0.00781,0.00098,40.0000
0.066026,0.02196,0.00976,-0.00098,40.0000
0.067227,0.02782,0.01171,0.00000,40.0000
0.068427,0.02489,0.00781,-0.00293,40.0000
0.069628,0.02147,0.00830,0.00293,40.0000
0.070828,0.02391,0.01025,-0.00146,40.0000
0.072029,0.02538,0.01366,-0.00488,40.0000
0.073229,0.02586,0.01269,-0.00049,40.0000
0.074430,0.02196,0.01318,-0.00342,40.0000
0.075630,0.02147,0.01122,0.00146,40.0000
0.076831,0.02538,0.01318,0.00390,40.0000
0.078031,0.02342,0.01513,0.00146,40.0000
0.079232,0.02586,0.01074,-0.00049,40.0000
0.080432,0.02733,0.01171,-0.00293,40.0000
0.081633,0.02001,0.01220,-0.00195,40.0000
0.082833,0.02586,0.00439,0.00634,40.0000
0.084034,0.02879,0.01025,0.00293,40.0000
0.085234,0.02391,0.01171,-0.00342,40.0000
0.086435,0.02245,0.01269,-0.00293,40.0000
0.087635,0.02733,0.00927,0.00098,40.0000
0.088836,0.02586,0.01318,0.00000,40.0000
0.090036,0.02782,0.00830,0.00000,40.0000
0.091236,0.02391,0.00976,0.00146,40.0000
0.092437,0.02050,0.01562,-0.00342,40.0000
0.093637,0.02489,0.00634,-0.00244,40.0000
0.094838,0.02342,0.01025,0.00293,40.0000
0.096038,0.02733,0.00976,0.00098,40.0000
0.097239,0.02538,0.01025,-0.00098,40.0000
0.098439,0.02001,0.00878,-0.00049,40.0000
0.099640,0.02147,0.01220,0.00195,40.0000
0.100840,0.02782,0.00732,0.00098,40.0000
0.102041,0.02684,0.00634,-0.00195,40.0000
0.103241,0.02294,0.01171,-0.00342,40.0000
0.104442,0.02489,0.00683,0.00244,40.0000
0.105642,0.02635,0.01122,-0.00390,40.0000
0.106843,0.02635,0.01025,0.00586,40.0000
0.108043,0.02782,0.00830,-0.00342,40.0000
0.109244,0.02586,0.00927,-0.00195,40.0000
0.110444,0.02489,0.00976,0.00342,40.0000
0.111645,0.02440,0.01171,0.00439,40.0000
0.112845,0.02830,0.00830,0.00000,40.0000
0.114046,0.01806,0.00976,-0.00830,40.0000
0.115246,0.02440,0.00586,-0.00049,40.0000
0.116447,0.02489,0.00927,-0.00634,40.0000
0.117647,0.02050,0.00439,-0.00146,40.0000
0.118848,0.02586,0.01025,0.00244,40.0000
0.120048,0.02294,0.00878,0.00244,40.0000
0.121248,0.02782,0.01659,0.00049,40.0000
0.122449,0.02440,0.01415,0.00049,40.0000
0.123649,0.02684,0.00976,0.00195,40.0000
0.124850,0.02879,0.01318,-0.00146,40.0000
0.126050,0.02635,0.01122,-0.00098,40.0000
0.127251,0.02245,0.00683,0.00342,40.0000
0.128451,0.02050,0.00293,0.00146,40.0000
0.129652,0.03026,0.01366,0.00342,40.0000
0.130852,0.02489,0.01122,0.00098,40.0000
0.132053,0.02294,0.00439,0.00098,40.0000
0.133253,0.02538,0.01220,0.00244,40.0000
0.134454,0.02440,0.01269,0.00195,40.0000
0.135654,0.02733,0.00830,0.00488,40.0000
0.136855,0.02489,0.01269,0.00195,40.0000
0.138055,0.02489,0.00488,-0.00146,40.0000
0.139256,0.02294,0.00927,-0.00146,40.0000
0.140456,0.02635,0.01025,-0.00293,40.0000
0.141657,0.02196,0.01269,0.00049,40.0000
0.142857,0.02684,0.01122,-0.00195,40.0000
0.144058,0.02977,0.01074,-0.00390,40.0000
0.145258,0.02050,0.01171,0.00195,40.0000
0.146459,0.01757,0.00830,0.00439,40.0000
0.147659,0.02684,0.01464,-0.00488,40.0000
0.148860,0.03270,0.00927,0.00293,40.0000
0.150060,0.02196,0.01269,0.00049,40.0000
0.151261,0.02147,0.01025,-0.00293,40.0000
0.152461,0.02684,0.00927,-0.00195,40.0000
0.153661,0.02245,0.01171,-0.00049,40.0000
0.154862,0.02342,0.01122,0.00683,40.0000
0.156062,0.02391,0.01415,0.00049,40.0000
0.157263,0.02684,0.01318,0.00488,40.0000
0.158463,0.02391,0.00830,-0.00195,40.0000
0.159664,0.02586,0.01171,0.00293,40.0000
0.160864,0.02440,0.01025,0.00244,40.0000
0.162065,0.02245,0.00781,-0.00195,40.0000
0.163265,0.02391,0.00683,-0.00195,40.0000
0.164466,0.02196,0.01074,0.00146,40.0000
0.165666,0.02489,0.00830,-0.00488,40.0000
0.166867,0.02147,0.00586,-0.00000,40.0000
0.168067,0.02196,0.00976,-0.00390,40.0000
0.169268,0.02928,0.01074,-0.00000,40.0000
0.170468,0.02489,0.01025,0.00146,40.0000
0.171669,0.02489,0.00634,0.00195,40.0000
0.172869,0.02635,0.00830,0.00098,40.0000
0.174070,0.02391,0.01415,-0.00049,40.0000
0.175270,0.02440,0.00781,-0.00146,40.0000
0.176471,0.02635,0.00927,-0.00244,40.0000
0.177671,0.02586,0.01708,-0.00195,40.0000
0.178872,0.02147,0.01122,-0.00146,40.0000
0.180072,0.02733,0.00878,-0.00146,40.0000
0.181273,0.02342,0.00439,0.00049,40.0000
0.182473,0.02196,0.01122,-0.00195,40.0000
0.183673,0.02245,0.00586,-0.00488,40.0000
0.184874,0.02391,0.00976,0.00195,40.0000
0.186074,0.02977,0.00732,-0.00244,40.0000
0.187275,0.02147,0.00488,-0.00488,40.0000
0.188475,0.02538,0.01513,-0.00293,40.0000
0.189676,0.01854,0.00976,-0.00098,40.0000
0.190876,0.02489,0.01269,-0.00049,40.0000
0.192077,0.02782,0.01220,0.00049,40.0000
0.193277,0.02440,0.00781,0.00586,40.0000
0.194478,0.02294,0.01025,-0.00390,40.0000
0.195678,0.02586,0.00878,0.00488,40.0000
0.196879,0.02733,0.01269,0.00049,40.0000
0.198079,0.02684,0.01122,-0.00098,40.0000
0.199280,0.03074,0.00878,-0.00683,40.0000
0.200480,0.02586,0.01513,-0.00098,40.0000
0.201681,0.02342,0.01171,0.00195,40.0000
0.202881,0.02440,0.01122,-0.00342,40.0000
0.204082,0.02489,0.00781,-0.00488,40.0000
0.205282,0.02538,0.01122,-0.00390,40.0000
0.206483,0.02489,0.00586,0.00049,40.0000
0.207683,0.02538,0.01122,0.00000,40.0000
0.208884,0.02001,0.00732,0.00488,40.0000
0.210084,0.02733,0.01074,-0.00146,40.0000
0.211285,0.02342,0.00927,0.00244,40.0000
0.212485,0.02147,0.01074,-0.00390,40.0000
0.213685,0.02684,0.01122,-0.00098,40.0000
0.214886,0.02879,0.00976,0.00342,40.0000
0.216086,0.02635,0.00976,-0.00098,40.0000
0.217287,0.02538,0.00537,0.00146,40.0000
0.218487,0.02196,0.00439,-0.00390,40.0000
0.219688,0.03367,0.01366,-0.00293,40.0000
0.220888,0.02782,0.01171,-0.00195,40.0000
0.222089,0.02147,0.00537,-0.00342,40.0000
0.223289,0.02245,0.01562,-0.00146,40.0000
0.224490,0.02538,0.00781,0.00439,40.0000
0.225690,0.02050,0.01171,-0.00098,40.0000
0.226891,0.02538,0.01122,0.00049,40.0000
0.228091,0.02342,0.01025,0.00439,40.0000
0.229292,0.02879,0.01171,-0.00000,40.0000
0.230492,0.02782,0.00586,-0.00049,40.0000
0.231693,0.01708,0.00976,-0.00146,40.0000
0.232893,0.02489,0.00927,0.00342,40.0000
0.234094,0.02001,0.01025,0.00244,40.0000
0.235294,0.02830,0.00927,0.00634,40.0000
0.236495,0.02538,0.00830,0.00634,40.0000
0.237695,0.02684,0.00781,-0.00439,40.0000
0.238896,0.02196,0.01269,0.00244,40.0000
0.240096,0.03026,0.00732,0.00634,40.0000
0.241297,0.03123,0.01122,0.00098,40.0000
0.242497,0.02196,0.01122,0.00049,40.0000
0.243697,0.02635,0.00976,-0.00342,40.0000
0.244898,0.02294,0.01122,0.00342,40.0000
0.246098,0.02489,0.01171,-0.00293,40.0000
0.247299,0.02098,0.00830,0.00049,40.0000
0.248499,0.03074,0.01122,-0.00098,40.0000
0.249700,0.02196,0.01562,0.00146,40.0000
0.250900,0.02391,0.00683,-0.00146,40.0000
0.252101,0.02635,0.00927,-0.00146,40.0000
0.253301,0.02294,0.00781,0.00293,40.0000
0.254502,0.02440,0.01610,-0.00000,40.0000
0.255702,0.02342,0.00586,0.00293,40.0000
0.256903,0.02440,0.01025,-0.00195,40.0000
0.258103,0.02147,0.01269,0.00439,40.0000
0.259304,0.02391,0.00732,0.00146,40.0000
0.260504,0.02440,0.00976,0.00390,40.0000
0.261705,0.02391,0.00781,0.00244,40.0000
0.262905,0.02538,0.00586,-0.00488,40.0000
0.264106,0.02391,0.00976,-0.00781,40.0000
0.265306,0.02733,0.01171,0.00342,40.0000
0.266507,0.02391,0.00878,-0.00146,40.0000
0.267707,0.02440,0.01025,-0.00098,40.0000
0.268908,0.02294,0.01220,-0.00244,40.0000
0.270108,0.02342,0.01366,-0.00146,40.0000
0.271309,0.02098,0.00634,0.00098,40.0000
0.272509,0.02635,0.01171,0.00293,40.0000
0.273709,0.02147,0.00830,-0.00098,40.0000
0.274910,0.02294,0.00439,-0.00634,40.0000
0.276110,0.02586,0.00781,0.00195,40.0000
0.277311,0.02635,0.01171,0.00098,40.0000
0.278511,0.02391,0.01074,-0.00195,40.0000
0.279712,0.01903,0.00683,-0.00390,40.0000
0.280912,0.02635,0.01464,-0.00390,40.0000
0.282113,0.02586,0.01122,0.00390,40.0000
0.283313,0.02098,0.00976,-0.00195,40.0000
0.284514,0.02733,0.00830,0.00342,40.0000
0.285714,0.02294,0.01122,-0.00098,40.0000
0.286915,0.02147,0.00878,0.00244,40.0000
0.288115,0.02538,0.01318,-0.00293,40.0000
0.289316,0.02440,0.01074,-0.00390,40.0000
0.290516,0.02538,0.01171,-0.00049,40.0000
0.291717,0.02001,0.00927,-0.00537,40.0000
0.292917,0.03026,0.00537,-0.00390,40.0000
0.294118,0.02342,0.01171,0.00146,40.0000
0.295318,0.02050,0.00683,0.00488,40.0000
0.296519,0.02684,0.00976,0.00049,40.0000
0.297719,0.02391,0.00976,-0.00488,40.0000
0.298920,0.02586,0.00781,-0.00293,40.0000
0.300120,0.02391,0.01269,0.00049,40.0000
0.301321,0.02489,0.00586,-0.00049,40.0000
0.302521,0.02586,0.01464,0.00732,40.0000
0.303721,0.02294,0.00830,0.00586,40.0000
0.304922,0.02684,0.01269,-0.00098,40.0000
0.306122,0.02342,0.01366,0.00634,40.0000
0.307323,0.02245,0.00732,-0.00293,40.0000
0.308523,0.02538,0.00781,-0.00293,40.0000
0.309724,0.02635,0.01269,0.00439,40.0000
0.310924,0.02440,0.01074,-0.00293,40.0000
0.312125,0.02245,0.01025,-0.00146,40.0000
0.313325,0.02684,0.00439,0.00488,40.0000
0.314526,0.01952,0.00488,-0.00146,40.0000
0.315726,0.02196,0.01171,0.00390,40.0000
0.316927,0.02489,0.01415,0.00195,40.0000
0.318127,0.02098,0.00781,-0.00146,40.0000
0.319328,0.02489,0.00732,0.00195,40.0000
0.320528,0.02489,0.01074,0.00342,40.0000
0.321729,0.02782,0.01122,0.00244,40.0000
0.322929,0.02245,0.01171,-0.00244,40.0000
0.324130,0.02294,0.00878,0.00293,40.0000
0.325330,0.02586,0.00439,-0.00683,40.0000
0.326531,0.01757,0.01415,-0.00098,40.0000
0.327731,0.03416,0.00830,0.00000,40.0000
0.328932,0.02294,0.01366,0.00293,40.0000
0.330132,0.02294,0.00390,0.00439,40.0000
0.331333,0.02782,0.01122,-0.00390,40.0000
0.332533,0.02489,0.00830,-0.00146,40.0000
0.333733,0.01952,0.00683,-0.00049,40.0000
0.334934,0.02684,0.01269,-0.00146,40.0000
0.336134,0.02733,0.01366,0.00098,40.0000
0.337335,0.02342,0.00830,0.00195,40.0000
0.338535,0.02391,0.01171,0.00195,40.0000
0.339736,0.02635,0.00683,-0.00098,40.0000
0.340936,0.02245,0.00830,0.00976,40.0000
0.342137,0.02635,0.00927,-0.00342,40.0000
0.343337,0.02538,0.00878,-0.00049,40.0000
0.344538,0.02294,0.01171,0.00488,40.0000
0.345738,0.02098,0.00634,0.00244,40.0000
0.346939,0.02440,0.01269,0.00244,40.0000
0.348139,0.02245,0.01269,0.00390,40.0000
0.349340,0.02782,0.00927,-0.00049,40.0000
0.350540,0.02538,0.00634,0.00049,40.0000
0.351741,0.02733,0.00293,0.00342,40.0000
0.352941,0.02538,0.00976,0.00488,40.0000
0.354142,0.02586,0.00781,-0.00390,40.0000
0.355342,0.02245,0.01025,-0.00146,40.0000
0.356543,0.02684,0.00683,0.00000,40.0000
0.357743,0.03026,0.01025,0.00293,40.0000
0.358944,0.02391,0.00976,-0.00342,40.0000
0.360144,0.02342,0.01025,0.00293,40.0000
0.361345,0.02440,0.01074,-0.00195,40.0000
0.362545,0.02342,0.01074,0.00244,40.0000
0.363745,0.02294,0.01269,0.00098,40.0000
0.364946,0.02538,0.00781,0.00488,40.0000
0.366146,0.02391,0.01220,-0.00293,40.0000
0.367347,0.02928,0.01025,0.00195,40.0000
0.368547,0.02489,0.00878,-0.00049,40.0000
0.369748,0.02586,0.00683,-0.00195,40.0000
0.370948,0.02782,0.01415,0.00293,40.0000
0.372149,0.02391,0.01074,-0.00293,40.0000
0.373349,0.02928,0.00830,0.00244,40.0000
0.374550,0.02294,0.01025,-0.00293,40.0000
0.375750,0.02245,0.01025,-0.00342,40.0000
0.376951,0.02391,0.00830,0.00244,40.0000
0.378151,0.02489,0.00586,0.00683,40.0000
0.379352,0.02098,0.01025,0.00146,40.0000
0.380552,0.02489,0.00976,-0.00293,40.0000
0.381753,0.02001,0.00927,0.00098,40.0000
0.382953,0.02928,0.01269,-0.00098,40.0000
0.384154,0.02489,0.00634,-0.00195,40.0000
0.385354,0.02294,0.00732,0.00049,40.0000
0.386555,0.02245,0.01025,0.00146,40.0000
0.387755,0.02391,0.01269,0.00244,40.0000
0.388956,0.02440,0.01171,-0.00293,40.0000
0.390156,0.02196,0.01220,0.00488,40.0000
0.391357,0.02245,0.00342,-0.00098,40.0000
0.392557,0.02440,0.01171,-0.00488,40.0000
0.393758,0.02342,0.01122,-0.00244,40.0000
0.394958,0.02782,0.01220,0.00049,40.0000
0.396158,0.02830,0.00781,-0.00244,40.0000
0.397359,0.02489,0.01171,0.00049,40.0000
0.398559,0.02635,0.01318,-0.00293,40.0000
0.399760,0.02098,0.01464,0.00293,40.0000
0.400960,0.02684,0.01074,0.00049,40.0000
0.402161,0.02489,0.00586,-0.00098,40.0000
0.403361,0.02635,0.01025,0.00293,40.0000
0.404562,0.02977,0.01171,-0.00293,40.0000
0.405762,0.01806,0.01171,-0.00049,40.0000
0.406963,0.02586,0.01562,0.00195,40.0000
0.408163,0.02147,0.00927,0.00098,40.0000
0.409364,0.02684,0.00683,0.00000,40.0000
0.410564,0.02098,0.00830,0.00244,40.0000
0.411765,0.02342,0.01220,-0.00146,40.0000
0.412965,0.02538,0.00781,-0.00000,40.0000
0.414166,0.02684,0.00683,-0.00293,40.0000
0.415366,0.02538,0.00732,-0.00049,40.0000
0.416567,0.02245,0.01366,-0.00342,40.0000
0.417767,0.02342,0.01074,-0.00342,40.0000
0.418968,0.02782,0.00927,-0.00000,40.0000
0.420168,0.02489,0.01269,-0.00293,40.0000
0.421369,0.02001,0.01220,0.00244,40.0000
0.422569,0.02733,0.00732,0.00293,40.0000
0.423770,0.02635,0.01269,0.00146,40.0000
0.424970,0.02782,0.01074,0.00195,40.0000
0.426170,0.02391,0.00390,0.00146,40.0000
0.427371,0.02733,0.00634,-0.00439,40.0000
0.428571,0.02196,0.01074,-0.00342,40.0000
0.429772,0.02684,0.01171,0.00098,40.0000
0.430972,0.02342,0.00927,-0.00342,40.0000
0.432173,0.02684,0.00732,-0.00195,40.0000
0.433373,0.02782,0.01074,-0.00000,40.0000
0.434574,0.02294,0.00439,0.00098,40.0000
0.435774,0.02489,0.01171,-0.00488,40.0000
0.436975,0.02489,0.00976,-0.00000,40.0000
0.438175,0.02879,0.00976,0.00244,40.0000
0.439376,0.02733,0.00830,0.00098,40.0000
0.440576,0.02147,0.01269,0.00439,40.0000
0.441777,0.02635,0.00293,-0.00146,40.0000
0.442977,0.02733,0.00732,0.00390,40.0000
0.444178,0.03123,0.01171,0.00634,40.0000
0.445378,0.02001,0.00781,0.00195,40.0000
0.446579,0.02342,0.01415,0.00293,40.0000
0.447779,0.02879,0.01122,0.00293,40.0000
0.448980,0.02098,0.00781,-0.00683,40.0000
0.450180,0.02147,0.01318,-0.00195,40.0000
0.451381,0.02635,0.00976,0.00342,40.0000
0.452581,0.02782,0.01171,-0.00390,40.0000
0.453782,0.02294,0.00830,0.00098,40.0000
0.454982,0.02684,0.00830,0.00146,40.0000
0.456182,0.02538,0.01220,0.00390,40.0000
0.457383,0.02977,0.01025,-0.00049,40.0000
0.458583,0.02489,0.00781,0.00244,40.0000
0.459784,0.02782,0.00732,-0.00000,40.0000
0.460984,0.02245,0.01220,0.00488,40.0000
0.462185,0.02440,0.01513,-0.00195,40.0000
0.463385,0.02489,0.00781,-0.00146,40.0000
0.464586,0.02830,0.01220,0.00098,40.0000
0.465786,0.02684,0.00146,0.00488,40.0000
0.466987,0.02294,0.00586,0.00049,40.0000
0.468187,0.02684,0.01220,-0.00000,40.0000
0.469388,0.02733,0.01464,-0.00195,40.0000
0.470588,0.02489,0.01025,0.00293,40.0000
0.471789,0.02440,0.01171,-0.00195,40.0000
0.472989,0.02440,0.01074,-0.00098,40.0000
0.474190,0.02001,0.01318,-0.00098,40.0000
0.475390,0.02538,0.00683,0.00342,40.0000
0.476591,0.02586,0.01220,-0.00244,40.0000
0.477791,0.02245,0.00878,-0.00244,40.0000
0.478992,0.02733,0.00927,0.00049,40.0000
0.480192,0.02098,0.01025,0.00000,40.0000
0.481393,0.02342,0.00976,-0.00439,40.0000
0.482593,0.02342,0.00781,-0.00293,40.0000
0.483794,0.03074,0.00927,-0.00195,40.0000
0.484994,0.02001,0.00732,0.00000,40.0000
0.486194,0.02684,0.01464,-0.00244,40.0000
0.487395,0.02782,0.01220,0.00586,40.0000
0.488595,0.02635,0.00878,0.00049,40.0000
0.489796,0.02830,0.01464,0.00342,40.0000
0.490996,0.02196,0.01415,0.00098,40.0000
0.492197,0.01806,0.01171,0.00049,40.0000
0.493397,0.02733,0.00878,0.00195,40.0000
0.494598,0.02147,0.01074,-0.00098,40.0000
0.495798,0.02391,0.01171,-0.00537,40.0000
0.496999,0.02147,0.01415,0.00146,40.0000
0.498199,0.02830,0.00976,-0.00244,40.0000
0.499400,0.02782,0.00830,0.00390,40.0000
0.500600,0.01952,0.01708,-0.00293,39.9375
0.501801,-0.00098,0.01415,0.00049,39.9375
0.503001,-0.05368,0.01122,0.00000,39.9375
0.504202,-0.13030,0.00732,-0.00195,39.9375
0.505402,-0.23082,0.01171,-0.00146,39.9375
0.506603,-0.35673,0.01366,-0.00049,39.9375
0.507803,-0.50410,0.01220,0.00049,39.9375
0.509004,-0.67881,0.01269,0.00049,39.9375
0.510204,-0.87791,0.01025,0.00000,39.8125
0.511405,-1.09312,0.01366,-0.00000,39.8125
0.512605,-1.34005,0.00830,-0.00683,39.8125
0.513806,-1.60064,0.00878,0.00390,39.8125
0.515006,-1.88417,0.00878,0.00195,39.8125
0.516206,-2.18478,0.00830,-0.00390,39.8125
0.517407,-2.51369,0.01610,-0.00244,39.8125
0.518607,-2.84748,0.00537,-0.00634,39.8125
0.519808,-3.21006,0.01074,-0.00878,39.8125
0.521008,-3.58534,0.00732,-0.00146,39.0000
0.522209,-3.97525,0.00634,0.00488,39.0000
0.523409,-4.37394,0.01025,0.00049,39.0000
0.524610,-4.79070,0.00537,0.00049,39.0000
0.525810,-5.22111,0.00976,0.00000,39.0000
0.527011,-5.65787,0.01708,0.00195,39.0000
0.528211,-6.10195,0.00976,-0.00000,39.0000
0.529412,-6.55530,0.01171,-0.00244,39.0000
0.530612,-7.00963,0.00781,-0.00195,37.1250
0.531813,-7.47372,0.01171,0.00195,37.1250
0.533013,-7.94318,0.00586,-0.00146,37.1250
0.534214,-8.41507,0.01074,-0.00586,37.1250
0.535414,-8.88892,0.00976,0.00146,37.1250
0.536615,-9.35838,0.01659,0.00049,37.1250
0.537815,-9.82490,0.00976,0.00390,37.1250
0.539016,-10.28704,0.00878,0.00049,37.1250
0.540216,-10.75210,0.00830,0.00000,34.0000
0.541417,-11.21082,0.00634,-0.00049,34.0000
0.542617,-11.65832,0.01220,-0.00244,34.0000
0.543818,-12.09947,0.01415,0.00098,34.0000
0.545018,-12.53038,0.00878,-0.00146,34.0000
0.546218,-12.94713,0.01220,-0.00293,34.0000
0.547419,-13.35266,0.00878,-0.00049,34.0000
0.548619,-13.74110,0.01122,0.00049,34.0000
0.549820,-14.12467,0.01122,0.00098,34.0000
0.551020,-14.48384,0.00586,0.00195,29.0625
0.552221,-14.82886,0.00781,0.00634,29.0625
0.553421,-15.16265,0.01269,-0.00098,29.0625
0.554622,-15.46765,0.00439,0.00390,29.0625
0.555822,-15.76045,0.01025,-0.00000,29.0625
0.557023,-16.03373,0.00878,0.00049,29.0625
0.558223,-16.28017,0.00732,0.00244,29.0625
0.559424,-16.50758,0.01025,-0.00244,29.0625
0.560624,-16.71254,0.01074,-0.00049,23.6875
0.561825,-16.89310,0.01171,0.00195,23.6875
0.563025,-17.04926,0.00195,-0.00439,23.6875
0.564226,-17.18150,0.01513,-0.00293,23.6875
0.565426,-17.29374,0.00878,-0.00146,23.6875
0.566627,-17.37475,0.01318,-0.00000,23.6875
0.567827,-17.43819,0.00976,0.00244,23.6875
0.569028,-17.46601,0.00830,-0.00390,23.6875
0.570228,-17.47284,0.00976,0.00439,17.8125
0.571429,-17.45674,0.01952,0.00195,17.8125
0.572629,-17.41330,0.01464,0.00195,17.8125
0.573830,-17.34450,0.00878,-0.00586,17.8125
0.575030,-17.25519,0.01074,0.00098,17.8125
0.576230,-17.13563,0.01318,-0.00244,17.8125
0.577431,-16.99118,0.01171,0.00195,17.8125
0.578631,-16.82380,0.01025,-0.00049,17.8125
0.579832,-16.63592,0.00927,-0.00146,17.8125
0.581032,-16.41632,0.00683,-0.00293,11.3125
0.582233,-16.18940,0.01220,-0.00098,11.3125
0.583433,-15.92930,0.01318,0.00195,11.3125
0.584634,-15.65114,0.01659,-0.00488,11.3125
0.585834,-15.35736,0.00830,-0.00244,11.3125
0.587035,-15.04260,0.01220,-0.00098,11.3125
0.588235,-14.70832,0.00976,-0.00049,11.3125
0.589436,-14.35159,0.01366,-0.00146,11.3125
0.590636,-13.97974,0.00976,0.00049,6.1875
0.591837,-13.59812,0.00830,0.00000,6.1875
0.593037,-13.19991,0.00488,-0.00634,6.1875
0.594238,-12.78999,0.01220,0.00293,6.1875
0.595438,-12.36397,0.01074,-0.00439,6.1875
0.596639,-11.93843,0.01318,0.00342,6.1875
0.597839,-11.48801,0.00830,0.00244,6.1875
0.599040,-11.03758,0.01757,-0.00537,6.1875
0.600240,-10.58423,0.00781,0.00049,2.0625
0.601441,-10.11038,0.01171,0.00390,2.0625
0.602641,-9.65362,0.01122,0.00390,2.0625
0.603842,-9.18318,0.01318,0.00049,2.0625
0.605042,-8.71226,0.00927,-0.00244,2.0625
0.606242,-8.23402,0.00732,0.00342,2.0625
0.607443,-7.77042,0.00683,-0.00439,2.0625
0.608643,-7.29853,0.01269,-0.00439,2.0625
0.609844,-6.83590,0.01025,0.00244,2.0625
0.611044,-6.37962,0.01122,-0.00390,0.0000
0.612245,-5.93359,0.00732,0.00146,0.0000
0.613445,-5.48902,0.01025,-0.00342,0.0000
0.614646,-5.04934,0.01074,-0.00195,0.0000
0.615846,-4.63600,0.01171,0.00342,0.0000
0.617047,-4.22364,0.00586,-0.00049,0.0000
0.618247,-3.82446,0.00781,0.00195,0.0000
0.619448,-3.43845,0.01513,-0.00049,0.0000
0.620648,-3.07196,0.00878,-0.00146,0.0000
0.621849,-2.71914,0.00976,-0.00195,0.0000
0.623049,-2.39022,0.00878,-0.00293,0.0000
0.624250,-2.06863,0.00537,0.00098,0.0000
0.625450,-1.77339,0.00683,0.00146,0.0000
0.626651,-1.50353,0.01122,0.00488,0.0000
0.627851,-1.23903,0.00781,0.00098,0.0000
0.629052,-1.00333,0.01610,-0.00098,0.0000
0.630252,-0.80130,0.00537,0.00146,0.0000
0.631453,-0.61098,0.00439,0.00439,0.0000
0.632653,-0.44213,0.00878,-0.00439,0.0000
0.633854,-0.31037,0.00634,0.00488,0.0000
0.635054,-0.19569,0.01415,-0.00244,0.0000
0.636255,-0.10199,0.00878,-0.00244,0.0000
0.637455,-0.03367,0.01171,0.00781,0.0000
0.638655,0.00732,0.00586,0.00342,0.0000
0.639856,0.02684,0.01220,-0.00146,0.0000
0.641056,0.02586,0.01171,0.00244,0.0000
0.642257,0.02147,0.01366,0.00390,0.0000
0.643457,0.02684,0.01074,0.00195,0.0000
0.644658,0.03074,0.01171,0.00342,0.0000
0.645858,0.02879,0.01025,0.00098,0.0000
0.647059,0.02782,0.01269,0.00146,0.0000
0.648259,0.02489,0.00878,-0.00342,0.0000
0.649460,0.02782,0.01171,-0.00293,0.0000
0.650660,0.02196,0.00830,0.00049,0.0000
0.651861,0.02733,0.01220,-0.00390,0.0000
0.653061,0.02489,0.00927,0.00195,0.0000
0.654262,0.02830,0.00781,-0.00049,0.0000
0.655462,0.02635,0.00781,0.00342,0.0000
0.656663,0.02196,0.01415,0.00244,0.0000
0.657863,0.02538,0.00537,-0.00146,0.0000
0.659064,0.02879,0.00537,-0.00830,0.0000
0.660264,0.02147,0.01171,-0.00439,0.0000
0.661465,0.02342,0.00683,0.00000,0.0000
0.662665,0.02294,0.00878,0.00634,0.0000
0.663866,0.02050,0.00830,0.00000,0.0000
0.665066,0.02782,0.01659,0.00195,0.0000
0.666267,0.02879,0.00781,-0.00000,0.0000
0.667467,0.02733,0.00781,-0.00781,0.0000
0.668667,0.02586,0.00878,0.00195,0.0000
0.669868,0.02489,0.01074,-0.00098,0.0000
0.671068,0.02586,0.01171,-0.00439,0.0000
0.672269,0.02294,0.00537,0.00195,0.0000
0.673469,0.02782,0.01122,-0.00000,0.0000
0.674670,0.02830,0.01562,0.00878,0.0000
0.675870,0.02782,0.00439,-0.00683,0.0000
0.677071,0.02342,0.01171,-0.00244,0.0000
0.678271,0.02538,0.01220,0.00000,0.0000
0.679472,0.02440,0.01025,-0.00098,0.0000
0.680672,0.03026,0.00927,0.00195,0.0000
0.681873,0.02538,0.00293,0.00244,0.0000
0.683073,0.01952,0.01366,0.00146,0.0000
0.684274,0.02635,0.00878,0.00000,0.0000
0.685474,0.03074,0.00927,-0.00195,0.0000
0.686675,0.02684,0.01366,0.00049,0.0000
0.687875,0.02782,0.00293,0.00293,0.0000
0.689076,0.02489,0.00976,0.00049,0.0000
0.690276,0.01903,0.01171,-0.00634,0.0000
0.691477,0.01952,0.01220,0.00488,0.0000
0.692677,0.02147,0.01171,-0.00146,0.0000
0.693878,0.02440,0.01610,0.00244,0.0000
0.695078,0.02586,0.01074,-0.00146,0.0000
0.696279,0.02684,0.01318,0.00342,0.0000
0.697479,0.02391,0.01220,-0.00098,0.0000
0.698679,0.02782,0.00537,0.00439,0.0000
0.699880,0.02440,0.00781,0.00390,0.0000
0.701080,0.02294,0.01610,-0.00195,0.0000
0.702281,0.02733,0.00927,-0.00878,0.0000
0.703481,0.02245,0.00976,0.00098,0.0000
0.704682,0.01659,0.00586,-0.00293,0.0000
0.705882,0.02196,0.00878,0.00293,0.0000
0.707083,0.02538,0.00586,0.00098,0.0000
0.708283,0.01562,0.00830,-0.00098,0.0000
0.709484,0.02391,0.01171,-0.00293,0.0000
0.710684,0.02391,0.00732,-0.00244,0.0000
0.711885,0.02050,0.00830,0.00439,0.0000
0.713085,0.02050,0.01415,0.00293,0.0000
0.714286,0.02342,0.01122,-0.00049,0.0000
0.715486,0.02342,0.01171,0.00098,0.0000
0.716687,0.02879,0.01318,0.00293,0.0000
0.717887,0.02635,0.00830,-0.00049,0.0000
0.719088,0.02050,0.00878,-0.00537,0.0000
0.720288,0.02245,0.00390,0.00488,0.0000
0.721489,0.02733,0.01220,-0.00098,0.0000
0.722689,0.03074,0.00927,-0.00195,0.0000
0.723890,0.02635,0.00976,0.00000,0.0000
0.725090,0.02586,0.00683,-0.00293,0.0000
0.726291,0.03074,0.01171,-0.00342,0.0000
0.727491,0.02489,0.01171,0.00049,0.0000
0.728691,0.02391,0.01074,-0.00195,0.0000
0.729892,0.02098,0.00537,0.00146,0.0000
0.731092,0.02342,0.00732,0.00146,0.0000
0.732293,0.03172,0.00976,0.00586,0.0000
0.733493,0.02050,0.00732,-0.00098,0.0000
0.734694,0.02489,0.01122,0.00049,0.0000
0.735894,0.02098,0.01318,-0.00146,0.0000
0.737095,0.02538,0.00781,0.00342,0.0000
0.738295,0.02782,0.00927,0.00146,0.0000
0.739496,0.02440,0.00781,0.00098,0.0000
0.740696,0.02733,0.01318,0.00586,0.0000
0.741897,0.02733,0.01269,0.00098,0.0000
0.743097,0.02635,0.01806,0.00098,0.0000
0.744298,0.03026,0.01025,-0.00390,0.0000
0.745498,0.02733,0.00732,-0.00537,0.0000
0.746699,0.02391,0.01122,-0.00146,0.0000
0.747899,0.02294,0.00927,0.00049,0.0000
0.749100,0.02245,0.01074,-0.00342,0.0000
0.750300,0.02635,0.01366,-0.00293,0.0000
0.751501,0.02391,0.00927,0.00244,0.0000
0.752701,0.03318,0.01220,-0.00146,0.0000
0.753902,0.03074,0.00342,-0.00146,0.0000
0.755102,0.02440,0.01318,-0.00098,0.0000
0.756303,0.02391,0.01025,-0.00342,0.0000
0.757503,0.03026,0.00927,0.00244,0.0000
0.758703,0.01952,0.00830,0.00439,0.0000
0.759904,0.02342,0.01415,0.00342,0.0000
0.761104,0.02782,0.00830,0.00488,0.0000
0.762305,0.02245,0.01366,-0.00586,0.0000
0.763505,0.02342,0.00830,0.00293,0.0000
0.764706,0.02391,0.01025,-0.00049,0.0000
0.765906,0.02684,0.01122,0.00439,0.0000
0.767107,0.02538,0.01610,-0.00195,0.0000
0.768307,0.02635,0.01074,0.00244,0.0000
0.769508,0.02684,0.01074,0.00537,0.0000
0.770708,0.02489,0.00976,0.00195,0.0000
0.771909,0.02830,0.00927,0.00049,0.0000
0.773109,0.02294,0.00830,-0.00049,0.0000
0.774310,0.02050,0.01562,0.00195,0.0000
0.775510,0.01952,0.01464,-0.00049,0.0000
0.776711,0.02001,0.00781,-0.00342,0.0000
0.777911,0.02342,0.01074,0.00195,0.0000
0.779112,0.02830,0.00634,0.00537,0.0000
0.780312,0.02538,0.01269,0.00146,0.0000
0.781513,0.02342,0.01220,0.00342,0.0000
0.782713,0.02196,0.01025,0.00390,0.0000
0.783914,0.02342,0.00781,0.00049,0.0000
0.785114,0.02391,0.01220,0.00000,0.0000
0.786315,0.02342,0.01171,-0.00244,0.0000
0.787515,0.02050,0.00927,0.00098,0.0000
0.788715,0.02342,0.01220,0.00195,0.0000
0.789916,0.02782,0.00586,-0.00244,0.0000
0.791116,0.01854,0.00830,-0.00049,0.0000
0.792317,0.02440,0.00732,0.00342,0.0000
0.793517,0.01854,0.01025,-0.00195,0.0000
0.794718,0.02538,0.01513,0.00244,0.0000
0.795918,0.02294,0.01025,0.00146,0.0000
0.797119,0.01854,0.01366,-0.00049,0.0000
0.798319,0.02538,0.00976,0.00293,0.0000
0.799520,0.03026,0.00878,0.00195,0.0000
0.800720,0.02538,0.01318,0.00000,0.0000
0.801921,0.02830,0.01171,0.00049,0.0000
0.803121,0.02489,0.01415,0.00146,0.0000
0.804322,0.01854,0.01318,0.00195,0.0000
0.805522,0.02635,0.00781,0.00146,0.0000
0.806723,0.02391,0.00244,0.00244,0.0000
0.807923,0.02050,0.01025,-0.00146,0.0000
0.809124,0.02733,0.00634,0.00488,0.0000
0.810324,0.02586,0.00586,-0.00000,0.0000
0.811525,0.02342,0.00537,-0.00049,0.0000
0.812725,0.02782,0.00830,0.00439,0.0000
0.813926,0.02245,0.00927,0.00342,0.0000
0.815126,0.02684,0.01025,-0.00537,0.0000
0.816327,0.02196,0.01610,0.00000,0.0000
0.817527,0.02684,0.00634,0.00244,0.0000
0.818727,0.02147,0.00976,0.00195,0.0000
0.819928,0.02928,0.00634,-0.00488,0.0000
0.821128,0.02586,0.00683,-0.00195,0.0000
0.822329,0.02928,0.01025,-0.00195,0.0000
0.823529,0.02245,0.01122,0.00195,0.0000
0.824730,0.02342,0.00634,0.00293,0.0000
0.825930,0.02733,0.01366,0.00146,0.0000
0.827131,0.01659,0.00732,0.00000,0.0000
0.828331,0.02196,0.01269,-0.00195,0.0000
0.829532,0.02830,0.00976,0.00342,0.0000
0.830732,0.02635,0.01269,-0.00634,0.0000
0.831933,0.02782,0.01171,0.00195,0.0000
0.833133,0.02391,0.00927,0.00195,0.0000
0.834334,0.02684,0.01122,0.00098,0.0000
0.835534,0.02294,0.00586,0.00000,0.0000
0.836735,0.02098,0.00634,0.00049,0.0000
0.837935,0.02001,0.00878,0.00244,0.0000
0.839136,0.02342,0.01415,-0.00195,0.0000
0.840336,0.02342,0.00781,0.00244,0.0000
0.841537,0.02294,0.00830,0.00000,0.0000
0.842737,0.01415,0.01513,0.00049,0.0000
0.843938,0.01903,0.01025,-0.00781,0.0000
0.845138,0.02342,0.01025,-0.00390,0.0000
0.846339,0.02586,0.00683,-0.00049,0.0000
0.847539,0.02342,0.01025,-0.00195,0.0000
0.848739,0.02245,0.01171,0.00293,0.0000
0.849940,0.01806,0.00976,-0.00439,0.0000
0.851140,0.03123,0.01220,0.00390,0.0000
0.852341,0.02147,0.01122,0.00244,0.0000
0.853541,0.03026,0.01318,0.00098,0.0000
0.854742,0.02977,0.01269,-0.00146,0.0000
0.855942,0.02586,0.00976,-0.00342,0.0000
0.857143,0.02342,0.01269,-0.00342,0.0000
0.858343,0.02538,0.01562,-0.00195,0.0000
0.859544,0.02147,0.01074,0.00000,0.0000
0.860744,0.02586,0.00634,0.00195,0.0000
0.861945,0.02489,0.01074,0.00244,0.0000
0.863145,0.02635,0.00927,0.00342,0.0000
0.864346,0.02782,0.01757,0.00342,0.0000
0.865546,0.03026,0.01220,-0.00195,0.0000
0.866747,0.02391,0.00683,-0.00146,0.0000
0.867947,0.02830,0.00927,0.00342,0.0000
0.869148,0.02245,0.01415,-0.00244,0.0000
0.870348,0.02245,0.00634,0.00342,0.0000
0.871549,0.02294,0.00830,0.00049,0.0000
0.872749,0.02196,0.00976,-0.00390,0.0000
0.873950,0.02782,0.00976,0.00146,0.0000
0.875150,0.02782,0.00830,0.00098,0.0000
0.876351,0.02879,0.01025,-0.00244,0.0000
0.877551,0.02489,0.00586,-0.00683,0.0000
0.878752,0.02586,0.00830,0.00098,0.0000
0.879952,0.02342,0.00830,0.00146,0.0000
0.881152,0.02147,0.00927,0.00244,0.0000
0.882353,0.02635,0.00927,0.00146,0.0000
0.883553,0.02586,0.00976,-0.00195,0.0000
0.884754,0.02147,0.00878,-0.00488,0.0000
0.885954,0.02684,0.00878,-0.00000,0.0000
0.887155,0.02001,0.01122,0.00293,0.0000
0.888355,0.02440,0.01269,-0.00000,0.0000
0.889556,0.02294,0.01269,-0.00342,0.0000
0.890756,0.02342,0.00634,-0.00488,0.0000
0.891957,0.02196,0.01074,-0.00781,0.0000
0.893157,0.02782,0.01220,0.00098,0.0000
0.894358,0.02684,0.00927,0.00146,0.0000
0.895558,0.02879,0.01122,-0.00634,0.0000
0.896759,0.02538,0.00927,-0.00146,0.0000
0.897959,0.02098,0.01122,0.00439,0.0000
0.899160,0.02391,0.00537,-0.00634,0.0000
0.900360,0.02147,0.01122,0.00488,0.0000
0.901561,0.02635,0.00830,0.00390,0.0000
0.902761,0.02879,0.00781,0.00293,0.0000
0.903962,0.02586,0.00927,0.00146,0.0000
0.905162,0.02294,0.01269,0.00195,0.0000
0.906363,0.02391,0.01269,0.00195,0.0000
0.907563,0.02538,0.01074,0.00537,0.0000
0.908764,0.02050,0.01269,-0.00293,0.0000
0.909964,0.02538,0.00878,-0.00488,0.0000
0.911164,0.02538,0.00634,-0.00586,0.0000
0.912365,0.02342,0.00439,0.00098,0.0000
0.913565,0.02391,0.00976,0.00342,0.0000
0.914766,0.02538,0.00927,-0.00195,0.0000
0.915966,0.02245,0.01025,0.00146,0.0000
0.917167,0.02245,0.01025,0.00098,0.0000
0.918367,0.02733,0.01366,0.00390,0.0000
0.919568,0.02538,0.00732,0.00244,0.0000
0.920768,0.02977,0.00781,0.00146,0.0000
0.921969,0.02196,0.01562,-0.00195,0.0000
0.923169,0.01952,0.01220,-0.00098,0.0000
0.924370,0.02782,0.00878,0.00293,0.0000
0.925570,0.02782,0.00390,0.00049,0.0000
0.926771,0.02294,0.00732,0.00439,0.0000
0.927971,0.02050,0.00878,-0.00146,0.0000
0.929172,0.02489,0.00976,0.00293,0.0000
0.930372,0.01952,0.01025,-0.00049,0.0000
0.931573,0.02391,0.00927,0.00146,0.0000
0.932773,0.01854,0.01318,-0.00488,0.0000
0.933974,0.02440,0.00634,0.00244,0.0000
0.935174,0.01854,0.00927,-0.00244,0.0000
0.936375,0.02440,0.00781,0.00390,0.0000
0.937575,0.02928,0.01220,0.00293,0.0000
0.938776,0.02391,0.01025,-0.00146,0.0000
0.939976,0.02733,0.01220,0.00439,0.0000
0.941176,0.02294,0.01025,0.00488,0.0000
0.942377,0.02245,0.02098,0.00537,0.0000
0.943577,0.02050,0.01220,0.00390,0.0000
0.944778,0.02782,0.00781,-0.00098,0.0000
0.945978,0.02489,0.00976,0.00439,0.0000
0.947179,0.02977,0.00878,-0.00342,0.0000
0.948379,0.02147,0.01220,-0.00049,0.0000
0.949580,0.02440,0.01269,0.00146,0.0000
0.950780,0.02489,0.01122,-0.00439,0.0000
0.951981,0.02928,0.00927,0.00390,0.0000
0.953181,0.03026,0.00781,0.00195,0.0000
0.954382,0.02294,0.01464,-0.00000,0.0000
0.955582,0.02147,0.01318,-0.00634,0.0000
0.956783,0.01952,0.00098,-0.00195,0.0000
0.957983,0.02879,0.01025,0.00244,0.0000
0.959184,0.02440,0.00732,0.00244,0.0000
0.960384,0.02294,0.00878,-0.00244,0.0000
0.961585,0.02489,0.01513,-0.00342,0.0000
0.962785,0.01708,0.00634,0.00049,0.0000
0.963986,0.01952,0.00683,-0.00342,0.0000
0.965186,0.02782,0.01708,-0.00439,0.0000
0.966387,0.02586,0.00830,0.00439,0.0000
0.967587,0.02538,0.00927,0.00049,0.0000
0.968788,0.02196,0.01318,0.00146,0.0000
0.969988,0.02684,0.00830,-0.00049,0.0000
0.971188,0.03026,0.01025,0.00293,0.0000
0.972389,0.02098,0.01074,0.00293,0.0000
0.973589,0.02489,0.01415,-0.00049,0.0000
0.974790,0.02342,0.00537,-0.00098,0.0000
0.975990,0.02586,0.00732,-0.00098,0.0000
0.977191,0.02489,0.00976,0.00293,0.0000
0.978391,0.02440,0.01269,0.00049,0.0000
0.979592,0.02196,0.00830,-0.00342,0.0000
0.980792,0.02489,0.01122,0.00439,0.0000
0.981993,0.02294,0.00830,0.00049,0.0000
0.983193,0.02440,0.00878,0.00146,0.0000
0.984394,0.02489,0.01366,0.00439,0.0000
0.985594,0.02684,0.00927,0.00195,0.0000
0.986795,0.02294,0.01903,0.00244,0.0000
0.987995,0.02391,0.01122,-0.00000,0.0000
0.989196,0.02782,0.01318,0.00195,0.0000
0.990396,0.02440,0.01220,0.00293,0.0000
0.991597,0.02391,0.00537,0.00146,0.0000
0.992797,0.02733,0.00537,-0.00000,0.0000
0.993998,0.02586,0.01122,-0.00049,0.0000
0.995198,0.02489,0.00683,-0.00049,0.0000
0.996399,0.02538,0.00830,0.00098,0.0000
0.997599,0.02098,0.00878,-0.00098,0.0000
0.998800,0.02635,0.00732,0.00195,0.0000
1.000000,0.02879,0.01366,-0.00098,0.0000
1.001200,0.02635,0.01220,0.00342,0.0000
1.002401,0.02001,0.01074,0.00049,0.0000
1.003601,0.02586,0.01171,-0.00195,0.0000
1.004802,0.02196,0.00732,0.00146,0.0000
1.006002,0.02440,0.01269,-0.00293,0.0000
1.007203,0.02538,0.00732,0.00927,0.0000
1.008403,0.02147,0.01464,-0.00195,0.0000
1.009604,0.02879,0.00781,-0.00000,0.0000
1.010804,0.02489,0.00830,0.00439,0.0000
1.012005,0.02733,0.01366,-0.00146,0.0000
1.013205,0.02684,0.01171,-0.00244,0.0000
1.014406,0.02879,0.00732,-0.00293,0.0000
1.015606,0.02830,0.01171,0.00342,0.0000
1.016807,0.02050,0.00976,-0.00293,0.0000
1.018007,0.02489,0.01025,0.00537,0.0000
1.019208,0.01854,0.01171,0.00195,0.0000
1.020408,0.02342,0.01171,-0.00000,0.0000
1.021609,0.02684,0.01318,0.00342,0.0000
1.022809,0.02782,0.01122,0.00000,0.0000
1.024010,0.02879,0.01122,-0.00049,0.0000
1.025210,0.02391,0.00976,-0.00342,0.0000
1.026411,0.02586,0.01464,-0.00390,0.0000
1.027611,0.02538,0.00781,0.00098,0.0000
1.028812,0.02879,0.01562,-0.00586,0.0000
1.030012,0.02977,0.01659,-0.00439,0.0000
1.031212,0.02391,0.01659,-0.00439,0.0000
1.032413,0.03611,0.00976,-0.00000,0.0000
1.033613,0.02489,0.01610,-0.00390,0.0000
1.034814,0.02391,0.01366,-0.00049,0.0000
1.036014,0.02684,0.01318,0.00732,0.0000
1.037215,0.02733,0.02001,0.00000,0.0000
1.038415,0.02635,0.01074,0.00537,0.0000
1.039616,0.02294,0.01171,0.00049,0.0000
1.040816,0.02928,0.00634,-0.00342,0.0000
1.042017,0.02489,0.00342,-0.00195,0.0000
1.043217,0.02977,0.01074,-0.00195,0.0000
1.044418,0.02928,0.01122,0.00098,0.0000
1.045618,0.02098,0.01220,0.00195,0.0000
1.046819,0.02196,0.01074,0.00049,0.0000
1.048019,0.02196,0.00390,-0.00146,0.0000
1.049220,0.02586,0.01122,-0.00244,0.0000
1.050420,0.02489,0.01318,-0.00146,0.0000
1.051621,0.02586,0.01464,-0.00293,0.0000
1.052821,0.02245,0.00732,-0.00244,0.0000
1.054022,0.02635,0.00732,0.00732,0.0000
1.055222,0.02928,0.00781,0.00244,0.0000
1.056423,0.02098,0.00830,-0.00342,0.0000
1.057623,0.02440,0.00537,-0.00000,0.0000
1.058824,0.02586,0.00781,0.00098,0.0000
1.060024,0.02440,0.01464,-0.00049,0.0000
1.061224,0.02440,0.00683,-0.00195,0.0000
1.062425,0.03026,0.00439,0.00098,0.0000
1.063625,0.02879,0.00927,0.00000,0.0000
1.064826,0.02733,0.00830,0.00146,0.0000
1.066026,0.02245,0.01220,0.00293,0.0000
1.067227,0.03172,0.00781,-0.00195,0.0000
1.068427,0.02586,0.00927,0.00049,0.0000
1.069628,0.02342,0.00732,-0.00146,0.0000
1.070828,0.02391,0.00683,-0.00293,0.0000
1.072029,0.02342,0.01122,-0.00195,0.0000
1.073229,0.03123,0.01025,0.00049,0.0000
1.074430,0.02538,0.00976,-0.00195,0.0000
1.075630,0.02538,0.01171,-0.00293,0.0000
1.076831,0.01854,0.00732,-0.00244,0.0000
1.078031,0.02733,0.01025,0.00049,0.0000
1.079232,0.02196,0.01074,0.00390,0.0000
1.080432,0.02147,0.01366,0.00390,0.0000
1.081633,0.02684,0.00439,-0.00488,0.0000
1.082833,0.02245,0.00878,-0.00098,0.0000
1.084034,0.02733,0.01122,0.00146,0.0000
1.085234,0.02830,0.00830,-0.00146,0.0000
1.086435,0.01952,0.01025,-0.00049,0.0000
1.087635,0.02440,0.01220,-0.00293,0.0000
1.088836,0.02001,0.01122,0.00049,0.0000
1.090036,0.02489,0.00488,-0.00049,0.0000
1.091236,0.02782,0.00634,-0.00244,0.0000
1.092437,0.02098,0.00146,0.00146,0.0000
1.093637,0.03026,0.01171,0.00293,0.0000
1.094838,0.02391,0.01074,0.00146,0.0000
1.096038,0.02147,0.01415,-0.00342,0.0000
1.097239,0.02440,0.01025,0.00049,0.0000
1.098439,0.02733,0.00634,0.00244,0.0000
1.099640,0.02098,0.01318,0.00342,0.0000
1.100840,0.02489,0.00586,0.00342,0.0000
1.102041,0.02098,0.00976,0.00293,0.0000
1.103241,0.02879,0.00927,-0.00049,0.0000
1.104442,0.02538,0.01220,0.00146,0.0000
1.105642,0.02391,0.01269,0.00195,0.0000
1.106843,0.02782,0.00878,0.00049,0.0000
1.108043,0.02098,0.00781,0.00098,0.0000
1.109244,0.02391,0.00976,-0.00293,0.0000
1.110444,0.03026,0.00830,0.00098,0.0000
1.111645,0.02440,0.01269,-0.00146,0.0000
1.112845,0.02879,0.01122,-0.00049,0.0000
1.114046,0.02538,0.01415,0.00488,0.0000
1.115246,0.02294,0.01806,0.00049,0.0000
1.116447,0.02440,0.00732,0.00098,0.0000
1.117647,0.02538,0.00830,-0.00195,0.0000
1.118848,0.02391,0.01122,-0.00439,0.0000
1.120048,0.02245,0.01122,-0.00342,0.0000
1.121248,0.02245,0.00878,-0.00098,0.0000
1.122449,0.02050,0.00488,-0.00098,0.0000
1.123649,0.02538,0.01757,-0.00537,0.0000
1.124850,0.02635,0.01025,-0.00195,0.0000
1.126050,0.02733,0.00634,-0.00000,0.0000
1.127251,0.01952,0.00293,-0.00244,0.0000
1.128451,0.02733,0.01415,-0.00098,0.0000
1.129652,0.02489,0.01074,0.00049,0.0000
1.130852,0.02050,0.00976,0.00342,0.0000
1.132053,0.02538,0.00683,0.00098,0.0000
1.133253,0.02733,0.00976,0.00439,0.0000
1.134454,0.02635,0.00878,-0.00439,0.0000
1.135654,0.02733,0.00244,0.00390,0.0000
1.136855,0.02782,0.01806,-0.00049,0.0000
1.138055,0.02782,0.01122,0.00293,0.0000
1.139256,0.02489,0.00878,0.00586,0.0000
1.140456,0.01854,0.00683,0.00293,0.0000
1.141657,0.02245,0.00830,0.00098,0.0000
1.142857,0.02586,0.01708,0.00488,0.0000
1.144058,0.02342,0.01122,-0.00146,0.0000
1.145258,0.02684,0.00586,0.00293,0.0000
1.146459,0.02733,0.01269,0.00098,0.0000
1.147659,0.02489,0.01171,0.00098,0.0000
1.148860,0.03074,0.01171,-0.00195,0.0000
1.150060,0.02196,0.00976,0.00098,0.0000
1.151261,0.02782,0.00927,0.00098,0.0000
1.152461,0.02342,0.01074,-0.00000,0.0000
1.153661,0.02245,0.00927,0.00098,0.0000
1.154862,0.02684,0.00586,-0.00439,0.0000
1.156062,0.02294,0.00683,0.00293,0.0000
1.157263,0.02733,0.00976,-0.00098,0.0000
1.158463,0.02147,0.00537,0.00049,0.0000
1.159664,0.02489,0.00976,-0.00195,0.0000
1.160864,0.02245,0.00878,-0.00098,0.0000
1.162065,0.02440,0.01220,-0.00195,0.0000
1.163265,0.02391,0.01025,0.00342,0.0000
1.164466,0.02147,0.00927,-0.00244,0.0000
1.165666,0.02684,0.00927,-0.00244,0.0000
1.166867,0.02098,0.01122,-0.00049,0.0000
1.168067,0.02196,0.01269,-0.00342,0.0000
1.169268,0.02782,0.00683,-0.00293,0.0000
1.170468,0.02782,0.00537,0.00049,0.0000
1.171669,0.02684,0.00781,0.00098,0.0000
1.172869,0.02586,0.00293,0.00195,0.0000
1.174070,0.03172,0.00781,0.00146,0.0000
1.175270,0.02147,0.01269,-0.00244,0.0000
1.176471,0.02294,0.01318,-0.00293,0.0000
1.177671,0.02196,0.01464,0.00293,0.0000
1.178872,0.02782,0.01025,-0.00634,0.0000
1.180072,0.02586,0.01025,0.00049,0.0000
1.181273,0.02830,0.00830,0.00195,0.0000
1.182473,0.02782,0.00830,0.00342,0.0000
1.183673,0.02440,0.01074,0.00390,0.0000
1.184874,0.02245,0.01269,0.00293,0.0000
1.186074,0.02196,0.01122,0.00537,0.0000
1.187275,0.03172,0.00390,-0.00537,0.0000
1.188475,0.02782,0.01122,-0.00098,0.0000
1.189676,0.02684,0.00976,0.00098,0.0000
1.190876,0.02391,0.00830,-0.00683,0.0000
1.192077,0.02440,0.01025,-0.00244,0.0000
1.193277,0.02391,0.01269,0.00342,0.0000
1.194478,0.02391,0.01025,-0.00195,0.0000
1.195678,0.01757,0.00781,0.00293,0.0000
1.196879,0.02489,0.02001,0.00195,0.0000
1.198079,0.02391,0.00781,0.00342,0.0000
1.199280,0.02586,0.01122,0.00244,0.0000
1.200480,0.02538,0.01366,0.00146,0.0000
1.201681,0.02733,0.00732,0.00195,0.0000
1.202881,0.02489,0.01171,-0.00244,0.0000
1.204082,0.02733,0.00732,0.00488,0.0000
1.205282,0.01708,0.00927,-0.00049,0.0000
1.206483,0.02147,0.00781,-0.00244,0.0000
1.207683,0.03026,0.01513,0.00146,0.0000
1.208884,0.02147,0.00586,-0.00390,0.0000
1.210084,0.02391,0.01171,0.00634,0.0000
1.211285,0.02684,0.01025,0.00683,0.0000
1.212485,0.02245,0.00390,0.00342,0.0000
1.213685,0.02733,0.01513,-0.00293,0.0000
1.214886,0.02050,0.00830,0.00146,0.0000
1.216086,0.01903,0.00927,0.00098,0.0000
1.217287,0.02098,0.01074,-0.00146,0.0000
1.218487,0.02001,0.00732,-0.00098,0.0000
1.219688,0.02489,0.00781,0.00146,0.0000
1.220888,0.02391,0.00976,-0.00146,0.0000
1.222089,0.02586,0.00732,0.00000,0.0000
1.223289,0.02196,0.01025,0.00049,0.0000
1.224490,0.03270,0.01366,-0.00342,0.0000
1.225690,0.02489,0.00683,-0.00098,0.0000
1.226891,0.02489,0.00537,-0.00098,0.0000
1.228091,0.02635,0.00976,0.00488,0.0000
1.229292,0.02440,0.01122,0.00049,0.0000
1.230492,0.02294,0.01220,0.00146,0.0000
1.231693,0.02538,0.00683,0.00098,0.0000
1.232893,0.02782,0.00293,0.00000,0.0000
1.234094,0.02684,0.01269,0.00049,0.0000
1.235294,0.02782,0.01220,-0.00000,0.0000
1.236495,0.02342,0.01464,-0.00586,0.0000
1.237695,0.02245,0.00683,0.00049,0.0000
1.238896,0.03074,0.01171,-0.00146,0.0000
1.240096,0.02440,0.01318,-0.00049,0.0000
1.241297,0.02635,0.00439,-0.00244,0.0000
1.242497,0.02733,0.01318,-0.00244,0.0000
1.243697,0.02928,0.01415,0.00049,0.0000
1.244898,0.02098,0.01171,-0.00098,0.0000
1.246098,0.02342,0.01171,0.00049,0.0000
1.247299,0.02342,0.01220,0.00098,0.0000
1.248499,0.02391,0.00927,0.00000,0.0000
1.249700,0.01757,0.00537,0.00049,0.0000
1.250900,0.02489,0.00732,-0.00146,0.0000
1.252101,0.01610,0.00927,-0.00049,0.0000
1.253301,0.02586,0.00732,0.00195,0.0000
1.254502,0.02635,0.01318,-0.00049,0.0000
1.255702,0.02684,0.00878,0.00195,0.0000
1.256903,0.02147,0.00976,0.00049,0.0000
1.258103,0.02782,0.00439,0.00342,0.0000
1.259304,0.02245,0.01122,-0.00244,0.0000
1.260504,0.02147,0.00781,0.00098,0.0000
1.261705,0.02196,0.01464,0.00293,0.0000
1.262905,0.02245,0.00488,-0.00195,0.0000
1.264106,0.02538,0.01074,0.00049,0.0000
1.265306,0.02733,0.00878,0.00146,0.0000
1.266507,0.01854,0.00878,-0.00000,0.0000
1.267707,0.02342,0.01513,0.00293,0.0000
1.268908,0.02782,0.01269,0.00146,0.0000
1.270108,0.02538,0.00732,-0.00049,0.0000
1.271309,0.02635,0.01415,0.00293,0.0000
1.272509,0.02050,0.00781,0.00146,0.0000
1.273709,0.02782,0.01220,0.00878,0.0000
1.274910,0.02050,0.00488,-0.00439,0.0000
1.276110,0.02538,0.00878,0.00049,0.0000
1.277311,0.02928,0.00927,0.00000,0.0000
1.278511,0.03074,0.00878,0.00000,0.0000
1.279712,0.02635,0.00537,-0.00586,0.0000
1.280912,0.02782,0.00439,0.00049,0.0000
1.282113,0.02342,0.00976,-0.00146,0.0000
1.283313,0.02342,0.01171,0.00244,0.0000
1.284514,0.02830,0.01025,-0.00293,0.0000
1.285714,0.02489,0.00878,0.00537,0.0000
1.286915,0.02440,0.00537,-0.00000,0.0000
1.288115,0.02098,0.00927,-0.00146,0.0000
1.289316,0.02538,0.00830,0.00098,0.0000
1.290516,0.02684,0.00781,-0.00439,0.0000
1.291717,0.02245,0.01025,-0.00293,0.0000
1.292917,0.02342,0.01025,0.00195,0.0000
1.294118,0.02977,0.01122,-0.00098,0.0000
1.295318,0.02538,0.00927,0.00049,0.0000
1.296519,0.02391,0.00732,-0.00683,0.0000
1.297719,0.02147,0.00927,-0.00390,0.0000
1.298920,0.02294,0.00878,-0.00488,0.0000
1.300120,0.02440,0.00488,0.00488,0.0000
1.301321,0.02928,0.00878,-0.00049,0.0000
1.302521,0.02294,0.00488,0.00390,0.0000
1.303721,0.03026,0.00390,-0.00098,0.0000
1.304922,0.02245,0.00732,0.00293,0.0000
1.306122,0.02391,0.00781,-0.00195,0.0000
1.307323,0.02733,0.01220,-0.00146,0.0000
1.308523,0.02440,0.00878,-0.00049,0.0000
1.309724,0.02245,0.01171,0.00000,0.0000
1.310924,0.02440,0.01415,-0.00634,0.0000
1.312125,0.02635,0.01025,-0.00049,0.0000
1.313325,0.02001,0.01122,-0.00293,0.0000
1.314526,0.02440,0.00781,-0.00244,0.0000
1.315726,0.02489,0.01220,-0.00098,0.0000
1.316927,0.02391,0.01025,-0.00146,0.0000
1.318127,0.02733,0.01025,-0.00049,0.0000
1.319328,0.02342,0.00634,0.00293,0.0000
1.320528,0.02391,0.00732,0.00293,0.0000
1.321729,0.02489,0.00781,0.00488,0.0000
1.322929,0.02733,0.01025,-0.00244,0.0000
1.324130,0.02440,0.01318,-0.00049,0.0000
1.325330,0.02977,0.00537,-0.00098,0.0000
1.326531,0.02245,0.00878,-0.00146,0.0000
1.327731,0.02879,0.00878,0.00146,0.0000
1.328932,0.02245,0.01659,0.00195,0.0000
1.330132,0.02440,0.00927,-0.00049,0.0000
1.331333,0.02586,0.00830,0.00049,0.0000
1.332533,0.03123,0.01220,0.00342,0.0000
1.333733,0.02782,0.00634,-0.00049,0.0000
1.334934,0.02391,0.01171,0.00342,0.0000
1.336134,0.02879,0.00488,0.00000,0.0000
1.337335,0.02440,0.01610,0.00146,0.0000
1.338535,0.02245,0.00976,0.00537,0.0000
1.339736,0.02635,0.00878,-0.00146,0.0000
1.340936,0.02538,0.00586,0.00098,0.0000
1.342137,0.02782,0.00927,0.00390,0.0000
1.343337,0.02342,0.01025,0.00049,0.0000
1.344538,0.02635,0.00781,0.00390,0.0000
1.345738,0.02684,0.01366,0.00781,0.0000
1.346939,0.02586,0.00878,0.00439,0.0000
1.348139,0.02489,0.01025,0.00000,0.0000
1.349340,0.02294,0.01074,-0.00195,0.0000
1.350540,0.02782,0.01415,0.00098,0.0000
1.351741,0.02538,0.00878,-0.00146,0.0000
1.352941,0.02635,0.01025,-0.00195,0.0000
1.354142,0.02391,0.01074,0.00244,0.0000
1.355342,0.02489,0.01171,0.00195,0.0000
1.356543,0.02196,0.00439,-0.00439,0.0000
1.357743,0.02538,0.01318,-0.00146,0.0000
1.358944,0.02733,0.00976,-0.00293,0.0000
1.360144,0.02538,0.00781,0.00195,0.0000
1.361345,0.02782,0.00976,0.00146,0.0000
1.362545,0.02586,0.00439,0.00293,0.0000
1.363745,0.02928,0.00781,0.00000,0.0000
1.364946,0.02440,0.01074,0.00195,0.0000
1.366146,0.02001,0.01415,0.00244,0.0000
1.367347,0.02635,0.00976,0.00000,0.0000
1.368547,0.02440,0.01122,0.00293,0.0000
1.369748,0.02196,0.00927,-0.00488,0.0000
1.370948,0.02684,0.01269,0.00342,0.0000
1.372149,0.02586,0.00878,-0.00390,0.0000
1.373349,0.02635,0.01122,-0.00098,0.0000
1.374550,0.02391,0.00878,0.00098,0.0000
1.375750,0.02538,0.00683,0.00049,0.0000
1.376951,0.02586,0.00683,-0.00390,0.0000
1.378151,0.03026,0.00781,0.00049,0.0000
1.379352,0.02294,0.01366,-0.00634,0.0000
1.380552,0.02489,0.01952,-0.00049,0.0000
1.381753,0.02586,0.00927,-0.00146,0.0000
1.382953,0.02001,0.00781,0.00439,0.0000
1.384154,0.02001,0.01171,-0.00098,0.0000
1.385354,0.03172,0.01122,-0.00195,0.0000
1.386555,0.01952,0.00830,-0.00195,0.0000
1.387755,0.02684,0.01562,-0.00244,0.0000
1.388956,0.02245,0.01269,-0.00000,0.0000
1.390156,0.02294,0.01269,0.00049,0.0000
1.391357,0.01903,0.01025,0.00488,0.0000
1.392557,0.02245,0.01025,-0.00390,0.0000
1.393758,0.02733,0.01269,0.00195,0.0000
1.394958,0.02098,0.00586,-0.00390,0.0000
1.396158,0.02684,0.00781,-0.00098,0.0000
1.397359,0.02586,0.01025,0.00342,0.0000
1.398559,0.03123,0.00537,0.00342,0.0000
1.399760,0.02342,0.01513,0.00244,0.0000
1.400960,0.02879,0.00830,-0.00146,0.0000
1.402161,0.02782,0.00878,0.00293,0.0000
1.403361,0.02391,0.01074,0.00439,0.0000
1.404562,0.02001,0.01464,-0.00390,0.0000
1.405762,0.02977,0.00976,-0.00146,0.0000
1.406963,0.02098,0.00781,0.00049,0.0000
1.408163,0.02342,0.00732,0.00098,0.0000
1.409364,0.02782,0.01074,0.00098,0.0000
1.410564,0.02830,0.00830,-0.00049,0.0000
1.411765,0.02245,0.01708,-0.00195,0.0000
1.412965,0.02489,0.01366,0.00146,0.0000
1.414166,0.02440,0.00049,-0.00195,0.0000
1.415366,0.02830,0.00732,-0.00049,0.0000
1.416567,0.03270,0.01122,0.00146,0.0000
1.417767,0.01952,0.01708,0.00146,0.0000
1.418968,0.02782,0.00390,0.00244,0.0000
1.420168,0.01659,0.00878,0.00293,0.0000
1.421369,0.02489,0.01366,0.00195,0.0000
1.422569,0.02147,0.00781,0.00439,0.0000
1.423770,0.03074,0.01025,-0.00390,0.0000
1.424970,0.02538,0.00830,0.00098,0.0000
1.426170,0.02294,0.01220,0.00098,0.0000
1.427371,0.02342,0.00683,-0.00049,0.0000
1.428571,0.02342,0.01025,0.00000,0.0000
1.429772,0.02538,0.00586,0.00146,0.0000
1.430972,0.02440,0.01269,-0.00098,0.0000
1.432173,0.02684,0.01171,0.00634,0.0000
1.433373,0.02977,0.00976,0.00586,0.0000
1.434574,0.02733,0.01025,-0.00098,0.0000
1.435774,0.02147,0.01025,0.00342,0.0000
1.436975,0.02001,0.00878,0.00293,0.0000
1.438175,0.02294,0.01025,0.00098,0.0000
1.439376,0.02830,0.01122,-0.00049,0.0000
1.440576,0.02391,0.00976,0.00195,0.0000
1.441777,0.02294,0.00830,0.00049,0.0000
1.442977,0.02538,0.00878,-0.00146,0.0000
1.444178,0.02098,0.00878,0.00293,0.0000
1.445378,0.02147,0.01122,0.00098,0.0000
1.446579,0.02635,0.01025,0.00342,0.0000
1.447779,0.02391,0.01610,-0.00342,0.0000
1.448980,0.02342,0.00927,-0.00195,0.0000
1.450180,0.02586,0.01025,-0.00878,0.0000
1.451381,0.02342,0.00830,-0.00098,0.0000
1.452581,0.02294,0.01025,-0.00342,0.0000
1.453782,0.02342,0.00878,0.00195,0.0000
1.454982,0.02684,0.00732,0.00293,0.0000
1.456182,0.02538,0.01025,0.00049,0.0000
1.457383,0.02147,0.01464,0.00293,0.0000
1.458583,0.02391,0.00732,-0.00195,0.0000
1.459784,0.02684,0.00781,-0.00342,0.0000
1.460984,0.03074,0.00976,0.00439,0.0000
1.462185,0.02147,0.01074,0.00293,0.0000
1.463385,0.02586,0.01366,0.00244,0.0000
1.464586,0.02440,0.00830,-0.00098,0.0000
1.465786,0.02733,0.00976,0.00293,0.0000
1.466987,0.02635,0.00781,0.00195,0.0000
1.468187,0.02928,0.00732,0.00781,0.0000
1.469388,0.02635,0.00878,-0.00781,0.0000
1.470588,0.02342,0.00683,-0.00342,0.0000
1.471789,0.02342,0.01122,0.00244,0.0000
1.472989,0.02635,0.01318,0.00244,0.0000
1.474190,0.02635,0.00830,0.00098,0.0000
1.475390,0.03221,0.00781,-0.00049,0.0000
1.476591,0.03026,0.01415,-0.00195,0.0000
1.477791,0.02147,0.00927,0.00488,0.0000
1.478992,0.02586,0.01464,0.00342,0.0000
1.480192,0.02098,0.00146,0.00098,0.0000
1.481393,0.02001,0.00927,0.00146,0.0000
1.482593,0.02733,0.00683,0.00537,0.0000
1.483794,0.02684,0.00830,-0.00293,0.0000
1.484994,0.02196,0.01220,-0.00342,0.0000
1.486194,0.02977,0.01318,-0.00000,0.0000
1.487395,0.02196,0.00927,-0.00293,0.0000
1.488595,0.02147,0.01269,0.00293,0.0000
1.489796,0.02684,0.00634,0.00244,0.0000
1.490996,0.02586,0.01074,0.00244,0.0000
1.492197,0.02440,0.00927,-0.00049,0.0000
1.493397,0.02489,0.00488,-0.00146,0.0000
1.494598,0.02586,0.01269,0.00146,0.0000
1.495798,0.02440,0.00781,-0.00586,0.0000
1.496999,0.02440,0.01122,-0.00439,0.0000
1.498199,0.01952,0.00781,-0.00293,0.0000
1.499400,0.02098,0.01025,-0.00390,0.0000
1.500600,0.02684,0.01171,0.00000,0.0000
1.501801,0.02294,0.00976,-0.00342,0.0000
1.503001,0.02684,0.00830,0.00195,0.0000
1.504202,0.02879,0.01171,-0.00000,0.0000
1.505402,0.02391,0.01074,-0.00488,0.0000
1.506603,0.02586,0.00878,-0.00732,0.0000
1.507803,0.03123,0.01025,0.00537,0.0000
1.509004,0.02733,0.00976,0.00098,0.0000
1.510204,0.03074,0.00878,0.00146,0.0000
1.511405,0.02977,0.01269,-0.00146,0.0000
1.512605,0.02733,0.01513,-0.00293,0.0000
1.513806,0.02489,0.00830,0.00390,0.0000
1.515006,0.02245,0.00976,-0.00342,0.0000
1.516206,0.02147,0.00732,-0.00146,0.0000
1.517407,0.02635,0.00586,-0.00000,0.0000
1.518607,0.02635,0.01318,-0.00244,0.0000
1.519808,0.02440,0.00781,-0.00146,0.0000
1.521008,0.02733,0.01074,-0.00146,0.0000
1.522209,0.02342,0.00586,-0.00146,0.0000
1.523409,0.02830,0.00781,0.00439,0.0000
1.524610,0.02489,0.01122,0.00000,0.0000
1.525810,0.02489,0.01122,0.00293,0.0000
1.527011,0.02489,0.01074,-0.00244,0.0000
1.528211,0.02489,0.01122,-0.00146,0.0000
1.529412,0.03270,0.01074,-0.00195,0.0000
1.530612,0.02001,0.01318,-0.00488,0.0000
1.531813,0.02538,0.01513,-0.00000,0.0000
1.533013,0.02879,0.01171,-0.00439,0.0000
1.534214,0.02733,0.00976,-0.00342,0.0000
1.535414,0.02391,0.00683,-0.00000,0.0000
1.536615,0.03026,0.00830,0.00098,0.0000
1.537815,0.02196,0.00878,-0.00244,0.0000
1.539016,0.02098,0.01415,0.00049,0.0000
1.540216,0.02684,0.00537,0.00342,0.0000
1.541417,0.02050,0.00732,0.00439,0.0000
1.542617,0.01806,0.00683,0.00244,0.0000
1.543818,0.02782,0.01269,-0.00098,0.0000
1.545018,0.02733,0.00781,0.00390,0.0000
1.546218,0.02733,0.00439,-0.00098,0.0000
1.547419,0.02342,0.00390,-0.00098,0.0000
1.548619,0.02538,0.01074,0.00293,0.0000
1.549820,0.02196,0.00488,0.00098,0.0000
1.551020,0.03026,0.01318,0.00146,0.0000
1.552221,0.02733,0.01318,-0.00244,0.0000
1.553421,0.02733,0.00634,-0.00098,0.0000
1.554622,0.01903,0.00878,0.00098,0.0000
1.555822,0.02733,0.00976,0.00146,0.0000
1.557023,0.02928,0.00537,0.00146,0.0000
1.558223,0.02879,0.00634,-0.00537,0.0000
1.559424,0.02733,0.00781,0.00683,0.0000
1.560624,0.02489,0.00976,0.00244,0.0000
1.561825,0.02391,0.01074,-0.00244,0.0000
1.563025,0.02684,0.00439,0.00342,0.0000
1.564226,0.02635,0.01074,-0.00049,0.0000
1.565426,0.02586,0.00976,-0.00098,0.0000
1.566627,0.02391,0.00927,0.00488,0.0000
1.567827,0.03026,0.00830,-0.00342,0.0000
1.569028,0.02147,0.01318,-0.00293,0.0000
1.570228,0.02489,0.01464,-0.00244,0.0000
1.571429,0.02342,0.00830,-0.00146,0.0000
1.572629,0.02830,0.00927,0.00976,0.0000
1.573830,0.02928,0.00488,-0.00146,0.0000
1.575030,0.02879,0.00878,-0.00293,0.0000
1.576230,0.02733,0.01171,0.00049,0.0000
1.577431,0.02098,0.00976,0.00244,0.0000
1.578631,0.03123,0.01074,0.00390,0.0000
1.579832,0.02635,0.00976,-0.00244,0.0000
1.581032,0.02489,0.01025,0.00586,0.0000
1.582233,0.02489,0.01171,0.00049,0.0000
1.583433,0.02391,0.01220,-0.00244,0.0000
1.584634,0.02635,0.00390,-0.00244,0.0000
1.585834,0.02586,0.00927,0.00146,0.0000
1.587035,0.02391,0.00098,0.00000,0.0000
1.588235,0.01708,0.00976,-0.00098,0.0000
1.589436,0.02489,0.00830,0.00049,0.0000
1.590636,0.02635,0.00830,0.00732,0.0000
1.591837,0.02635,0.01464,0.00439,0.0000
1.593037,0.02440,0.01122,-0.00146,0.0000
1.594238,0.02635,0.01318,-0.00195,0.0000
1.595438,0.02830,0.01171,0.00293,0.0000
1.596639,0.02342,0.01513,-0.00293,0.0000
1.597839,0.02928,0.00927,-0.00537,0.0000
1.599040,0.01903,0.00927,-0.00293,0.0000
1.600240,0.02098,0.00976,-0.00390,0.0000
1.601441,0.02245,0.01757,-0.00439,0.0000
1.602641,0.01757,0.00878,-0.00049,0.0000
1.603842,0.02196,0.01025,-0.00244,0.0000
1.605042,0.02879,0.01415,-0.00098,0.0000
1.606242,0.02879,0.01269,0.00098,0.0000
1.607443,0.02538,0.00830,-0.00146,0.0000
1.608643,0.03026,0.01513,-0.00439,0.0000
1.609844,0.02586,0.01122,-0.00293,0.0000
1.611044,0.02342,0.01415,0.00244,0.0000
1.612245,0.02586,0.01171,-0.00342,0.0000
1.613445,0.02440,0.01220,-0.00342,0.0000
1.614646,0.02733,0.00781,0.00146,0.0000
1.615846,0.02050,0.01415,-0.00293,0.0000
1.617047,0.02782,0.00781,-0.00293,0.0000
1.618247,0.02342,0.01025,0.00049,0.0000
1.619448,0.02733,0.01318,-0.00049,0.0000
1.620648,0.02050,0.00878,-0.00146,0.0000
1.621849,0.02391,0.01025,-0.00146,0.0000
1.623049,0.02538,0.01025,0.00342,0.0000
1.624250,0.02782,0.01025,0.00098,0.0000
1.625450,0.02147,0.01171,-0.00195,0.0000
1.626651,0.02977,0.00537,-0.00146,0.0000
1.627851,0.02635,0.00830,0.00488,0.0000
1.629052,0.02342,0.01610,-0.00049,0.0000
1.630252,0.02879,0.00390,0.00098,0.0000
1.631453,0.02538,0.00830,0.00098,0.0000
1.632653,0.02830,0.01220,-0.00146,0.0000
1.633854,0.03221,0.00439,0.00049,0.0000
1.635054,0.02733,0.00732,-0.00293,0.0000
1.636255,0.02342,0.00781,-0.00098,0.0000
1.637455,0.02391,0.01464,0.00342,0.0000
1.638655,0.02684,0.00732,-0.00049,0.0000
1.639856,0.02586,0.01171,0.00488,0.0000
1.641056,0.02245,0.00830,0.00049,0.0000
1.642257,0.02294,0.01025,0.00146,0.0000
1.643457,0.02684,0.00683,0.00049,0.0000
1.644658,0.03221,0.00537,-0.00244,0.0000
1.645858,0.01708,0.00878,0.00342,0.0000
1.647059,0.02733,0.00586,0.00439,0.0000
1.648259,0.02440,0.00927,0.00098,0.0000
1.649460,0.02733,0.01025,0.00000,0.0000
1.650660,0.02782,0.01122,-0.00049,0.0000
1.651861,0.02538,0.01464,0.00146,0.0000
1.653061,0.02196,0.01415,0.00342,0.0000
1.654262,0.02098,0.00683,0.00293,0.0000
1.655462,0.01952,0.00781,0.00098,0.0000
1.656663,0.02879,0.01513,0.00000,0.0000
1.657863,0.02440,0.00976,0.00049,0.0000
1.659064,0.02342,0.00878,-0.00049,0.0000
1.660264,0.02440,0.01318,-0.00293,0.0000
1.661465,0.02098,0.00830,0.00634,0.0000
1.662665,0.02586,0.01269,-0.00244,0.0000
1.663866,0.02879,0.00927,-0.00293,0.0000
1.665066,0.02830,0.01366,0.00439,0.0000
1.666267,0.02050,0.00976,0.00146,0.0000
1.667467,0.02928,0.01269,0.00146,0.0000
1.668667,0.02294,0.01318,-0.00146,0.0000
1.669868,0.01903,0.01464,0.00000,0.0000
1.671068,0.02147,0.00781,0.00244,0.0000
1.672269,0.02196,0.00878,0.00830,0.0000
1.673469,0.02489,0.00586,0.00146,0.0000
1.674670,0.02196,0.00488,0.00049,0.0000
1.675870,0.02050,0.00830,0.00195,0.0000
1.677071,0.02440,0.01025,0.00000,0.0000
1.678271,0.03074,0.01366,-0.00244,0.0000
1.679472,0.02294,0.00878,-0.00537,0.0000
1.680672,0.02635,0.01562,0.00146,0.0000
1.681873,0.02538,0.01074,-0.00439,0.0000
1.683073,0.03318,0.01269,0.00342,0.0000
1.684274,0.01952,0.00927,-0.00146,0.0000
1.685474,0.02830,0.00634,-0.00146,0.0000
1.686675,0.02098,0.01464,-0.00342,0.0000
1.687875,0.02342,0.00927,-0.00342,0.0000
1.689076,0.02489,0.01318,-0.00195,0.0000
1.690276,0.03465,0.00878,0.00098,0.0000
1.691477,0.02294,0.01171,-0.00146,0.0000
1.692677,0.01952,0.00927,-0.00049,0.0000
1.693878,0.02879,0.00878,-0.00195,0.0000
1.695078,0.02245,0.00976,0.00146,0.0000
1.696279,0.02440,0.01220,0.00098,0.0000
1.697479,0.02489,0.00634,0.00146,0.0000
1.698679,0.02538,0.00683,-0.00342,0.0000
1.699880,0.02440,0.01318,-0.00244,0.0000
1.701080,0.02586,0.00781,-0.00390,0.0000
1.702281,0.02635,0.01074,0.00195,0.0000
1.703481,0.02733,0.00586,-0.00830,0.0000
1.704682,0.02391,0.00927,0.00439,0.0000
1.705882,0.02294,0.01318,-0.00098,0.0000
1.707083,0.02196,0.01025,-0.00195,0.0000
1.708283,0.02684,0.01074,0.00049,0.0000
1.709484,0.02489,0.00878,-0.00098,0.0000
1.710684,0.02684,0.01025,-0.00146,0.0000
1.711885,0.02684,0.00439,0.00098,0.0000
1.713085,0.03026,0.00488,0.00146,0.0000
1.714286,0.02586,0.01122,-0.00195,0.0000
1.715486,0.02733,0.00488,0.00439,0.0000
1.716687,0.02147,0.01366,-0.00390,0.0000
1.717887,0.02196,0.01269,0.00244,0.0000
1.719088,0.02391,0.00634,0.00049,0.0000
1.720288,0.02147,0.00342,-0.00342,0.0000
1.721489,0.02684,0.00244,0.00244,0.0000
1.722689,0.02098,0.01074,0.00390,0.0000
1.723890,0.02538,0.00976,-0.00488,0.0000
1.725090,0.01757,0.01415,0.00146,0.0000
1.726291,0.02147,0.01122,-0.00049,0.0000
1.727491,0.02391,0.01464,0.00049,0.0000
1.728691,0.02440,0.01269,-0.00537,0.0000
1.729892,0.01952,0.00732,0.00146,0.0000
1.731092,0.02538,0.00927,0.00342,0.0000
1.732293,0.02782,0.00732,0.00049,0.0000
1.733493,0.02684,0.00878,-0.00195,0.0000
1.734694,0.02294,0.00830,-0.00098,0.0000
1.735894,0.02342,0.00927,0.00098,0.0000
1.737095,0.02147,0.01415,-0.00098,0.0000
1.738295,0.02684,0.00830,-0.00439,0.0000
1.739496,0.02928,0.00634,-0.00390,0.0000
1.740696,0.02342,0.00781,-0.00439,0.0000
1.741897,0.02001,0.00830,-0.00000,0.0000
1.743097,0.02538,0.00830,0.00537,0.0000
1.744298,0.02733,0.00927,0.00390,0.0000
1.745498,0.01659,0.00878,-0.00098,0.0000
1.746699,0.02538,0.01318,-0.00098,0.0000
1.747899,0.03172,0.01269,0.00244,0.0000
1.749100,0.02733,0.00781,0.00195,0.0000
1.750300,0.02684,0.01269,0.00342,0.0000
1.751501,0.02635,0.01415,0.00098,0.0000
1.752701,0.02830,0.00976,-0.00146,0.0000
1.753902,0.02196,0.00732,0.00146,0.0000
1.755102,0.02245,0.01122,0.00537,0.0000
1.756303,0.02635,0.00976,0.00049,0.0000
1.757503,0.02294,0.01074,0.00586,0.0000
1.758703,0.02586,0.00683,-0.00293,0.0000
1.759904,0.01903,0.01610,-0.00098,0.0000
1.761104,0.02733,0.00927,0.00049,0.0000
1.762305,0.02733,0.01171,-0.00049,0.0000
1.763505,0.02489,0.00830,0.00244,0.0000
1.764706,0.02538,0.01025,0.00098,0.0000
1.765906,0.02977,0.00293,0.00195,0.0000
1.767107,0.02196,0.00586,0.00439,0.0000
1.768307,0.02245,0.00244,-0.00342,0.0000
1.769508,0.02196,0.01318,-0.00098,0.0000
1.770708,0.02391,0.00586,0.00586,0.0000
1.771909,0.02196,0.00537,-0.00098,0.0000
1.773109,0.02489,0.01318,-0.00342,0.0000
1.774310,0.02294,0.00830,-0.00244,0.0000
1.775510,0.02050,0.00927,-0.00342,0.0000
1.776711,0.02050,0.01318,-0.00049,0.0000
1.777911,0.02879,0.01171,0.00049,0.0000
1.779112,0.02489,0.01074,0.00098,0.0000
1.780312,0.02440,0.01220,0.00195,0.0000
1.781513,0.02489,0.00439,-0.00049,0.0000
1.782713,0.02489,0.01415,0.00244,0.0000
1.783914,0.02733,0.01415,0.00342,0.0000
1.785114,0.02684,0.01562,-0.00439,0.0000
1.786315,0.02342,0.00390,-0.00293,0.0000
1.787515,0.02245,0.00732,0.00146,0.0000
1.788715,0.02196,0.00830,-0.00342,0.0000
1.789916,0.02147,0.01513,0.00293,0.0000
1.791116,0.02928,0.01171,-0.00195,0.0000
1.792317,0.02245,0.01562,-0.00195,0.0000
1.793517,0.01903,0.01122,0.00049,0.0000
1.794718,0.02245,0.00830,0.00683,0.0000
1.795918,0.02245,0.00634,-0.00342,0.0000
1.797119,0.02586,0.00830,-0.00000,0.0000
1.798319,0.02245,0.01415,-0.00244,0.0000
1.799520,0.02684,0.00732,0.00146,0.0000
1.800720,0.02635,0.00488,-0.00049,0.0000
1.801921,0.02879,0.01074,-0.00049,0.0000
1.803121,0.03172,0.01415,0.00146,0.0000
1.804322,0.03367,0.01757,-0.00098,0.0000
1.805522,0.02928,0.01366,-0.00000,0.0000
1.806723,0.02147,0.01318,0.00146,0.0000
1.807923,0.02391,0.00488,-0.00000,0.0000
1.809124,0.02586,0.00878,-0.00098,0.0000
1.810324,0.03123,0.00878,-0.00293,0.0000
1.811525,0.02684,0.01025,0.00098,0.0000
1.812725,0.02879,0.00732,0.00049,0.0000
1.813926,0.02440,0.01269,-0.00049,0.0000
1.815126,0.02684,0.01366,-0.00195,0.0000
1.816327,0.02733,0.01025,-0.00146,0.0000
1.817527,0.02342,0.00927,-0.00293,0.0000
1.818727,0.02733,0.01074,0.00537,0.0000
1.819928,0.02830,0.01122,0.00195,0.0000
1.821128,0.02440,0.01269,0.00586,0.0000
1.822329,0.02782,0.00732,-0.00537,0.0000
1.823529,0.02977,0.01464,-0.00488,0.0000
1.824730,0.02538,0.01025,0.00098,0.0000
1.825930,0.02489,0.00976,-0.00049,0.0000
1.827131,0.02391,0.01220,-0.00146,0.0000
1.828331,0.02294,0.00781,-0.00195,0.0000
1.829532,0.02538,0.01269,-0.00098,0.0000
1.830732,0.02391,0.01659,-0.00781,0.0000
1.831933,0.02391,0.01122,0.00732,0.0000
1.833133,0.02245,0.01074,-0.00098,0.0000
1.834334,0.02050,0.00878,-0.00049,0.0000
1.835534,0.02196,0.01464,0.00293,0.0000
1.836735,0.02586,0.01366,-0.00049,0.0000
1.837935,0.02147,0.00537,0.00098,0.0000
1.839136,0.02294,0.01318,0.00195,0.0000
1.840336,0.02977,0.00781,0.00244,0.0000
1.841537,0.02830,0.00634,0.00146,0.0000
1.842737,0.02294,0.00976,0.00342,0.0000
1.843938,0.02684,0.00781,0.00342,0.0000
1.845138,0.02294,0.01366,0.00049,0.0000
1.846339,0.02977,0.00634,0.00195,0.0000
1.847539,0.02342,0.00634,-0.00146,0.0000
1.848739,0.02538,0.00732,0.00244,0.0000
1.849940,0.02928,0.00976,-0.00390,0.0000
1.851140,0.02245,0.01171,-0.00390,0.0000
1.852341,0.02879,0.00683,-0.00195,0.0000
1.853541,0.02245,0.00781,0.00146,0.0000
1.854742,0.02586,0.00537,-0.00146,0.0000
1.855942,0.02391,0.00927,-0.00098,0.0000
1.857143,0.02489,0.00683,0.00390,0.0000
1.858343,0.02538,0.01659,0.00488,0.0000
1.859544,0.02489,0.01562,0.00683,0.0000
1.860744,0.02196,0.00732,0.00342,0.0000
1.861945,0.02782,0.01025,0.00244,0.0000
1.863145,0.02733,0.01122,0.00195,0.0000
1.864346,0.02879,0.00830,-0.00293,0.0000
1.865546,0.02928,0.00878,0.00098,0.0000
1.866747,0.02098,0.01171,-0.00000,0.0000
1.867947,0.02879,0.00927,0.00342,0.0000
1.869148,0.02879,0.00927,0.00195,0.0000
1.870348,0.02342,0.00976,-0.00244,0.0000
1.871549,0.02830,0.01366,-0.00049,0.0000
1.872749,0.02928,0.00927,0.00195,0.0000
1.873950,0.02342,0.01122,0.00098,0.0000
1.875150,0.02098,0.01074,-0.00146,0.0000
1.876351,0.02391,0.01220,0.00293,0.0000
1.877551,0.03318,0.00927,-0.00537,0.0000
1.878752,0.02586,0.00830,0.00195,0.0000
1.879952,0.02147,0.00781,-0.00244,0.0000
1.881152,0.02440,0.01074,-0.00439,0.0000
1.882353,0.02196,0.01025,-0.00098,0.0000
1.883553,0.02391,0.00927,0.00342,0.0000
1.884754,0.02538,0.01074,-0.00439,0.0000
1.885954,0.01708,0.01708,-0.00049,0.0000
1.887155,0.02586,0.01220,0.00000,0.0000
1.888355,0.02928,0.00439,-0.00146,0.0000
1.889556,0.02440,0.01366,-0.00098,0.0000
1.890756,0.02391,0.01025,-0.00049,0.0000
1.891957,0.02830,0.00683,0.00049,0.0000
1.893157,0.02098,0.01415,0.00439,0.0000
1.894358,0.02147,0.00976,-0.00830,0.0000
1.895558,0.02098,0.01318,0.00098,0.0000
1.896759,0.02440,0.00830,0.00293,0.0000
1.897959,0.02635,0.01318,-0.00537,0.0000
1.899160,0.02489,0.00927,0.00195,0.0000
1.900360,0.02684,0.01269,0.00293,0.0000
1.901561,0.02733,0.01220,-0.00098,0.0000
1.902761,0.02635,0.00634,0.00098,0.0000
1.903962,0.02245,0.01122,-0.00195,0.0000
1.905162,0.02440,0.01122,-0.00390,0.0000
1.906363,0.02879,0.00976,-0.00146,0.0000
1.907563,0.02196,0.00439,-0.00195,0.0000
1.908764,0.02440,0.01074,0.00293,0.0000
1.909964,0.02391,0.00878,-0.00195,0.0000
1.911164,0.02440,0.01366,0.00195,0.0000
1.912365,0.02196,0.00683,0.00244,0.0000
1.913565,0.02098,0.01269,0.00342,0.0000
1.914766,0.03270,0.01025,0.00000,0.0000
1.915966,0.02782,0.01757,0.00146,0.0000
1.917167,0.02294,0.00683,-0.00244,0.0000
1.918367,0.02489,0.01269,-0.00293,0.0000
1.919568,0.02684,0.00830,0.00488,0.0000
1.920768,0.02391,0.00732,0.00342,0.0000
1.921969,0.02684,0.01318,-0.00293,0.0000
1.923169,0.02294,0.01171,-0.00244,0.0000
1.924370,0.02391,0.01318,0.00537,0.0000
1.925570,0.02489,0.00537,0.00098,0.0000
1.926771,0.02342,0.00634,0.00342,0.0000
1.927971,0.01757,0.01171,0.00439,0.0000
1.929172,0.02489,0.00732,-0.00049,0.0000
1.930372,0.02586,0.01415,0.00293,0.0000
1.931573,0.02635,0.01513,-0.00342,0.0000
1.932773,0.02196,0.00976,-0.00000,0.0000
1.933974,0.02586,0.01025,0.00244,0.0000
1.935174,0.02586,0.01025,0.00439,0.0000
1.936375,0.01952,0.00927,0.00000,0.0000
1.937575,0.01854,0.00976,0.00146,0.0000
1.938776,0.02635,0.00927,-0.00244,0.0000
1.939976,0.02196,0.01122,0.00293,0.0000
1.941176,0.02782,0.00878,-0.00390,0.0000
1.942377,0.03123,0.00830,-0.00098,0.0000
1.943577,0.02342,0.00927,-0.00049,0.0000
1.944778,0.02294,0.00830,-0.00293,0.0000
1.945978,0.02489,0.00976,-0.00195,0.0000
1.947179,0.02684,0.01171,-0.00098,0.0000
1.948379,0.02147,0.01610,0.00293,0.0000
1.949580,0.02879,0.00488,0.00195,0.0000
1.950780,0.02782,0.00586,0.00098,0.0000
1.951981,0.02684,0.00976,0.00098,0.0000
1.953181,0.02342,0.01025,0.00098,0.0000
1.954382,0.02782,0.00976,-0.00293,0.0000
1.955582,0.02733,0.01562,-0.00098,0.0000
1.956783,0.02147,0.00439,-0.00049,0.0000
1.957983,0.03123,0.00976,0.00244,0.0000
1.959184,0.02391,0.00634,0.00098,0.0000
1.960384,0.02586,0.00927,0.00146,0.0000
1.961585,0.02342,0.01171,-0.00342,0.0000
1.962785,0.02635,0.00586,0.00488,0.0000
1.963986,0.02830,0.01318,-0.00195,0.0000
1.965186,0.02245,0.00732,-0.00293,0.0000
1.966387,0.02001,0.00683,0.00000,0.0000
1.967587,0.02342,0.00488,0.00098,0.0000
1.968788,0.02098,0.00781,-0.00049,0.0000
1.969988,0.02294,0.00781,0.00439,0.0000
1.971188,0.02440,0.01269,-0.00146,0.0000
1.972389,0.02489,0.00537,-0.00146,0.0000
1.973589,0.02879,0.01074,-0.00390,0.0000
1.974790,0.02196,0.01269,0.00390,0.0000
1.975990,0.02586,0.00927,-0.00098,0.0000
1.977191,0.02342,0.01220,-0.00098,0.0000
1.978391,0.02928,0.00781,-0.00537,0.0000
1.979592,0.03270,0.01122,-0.00244,0.0000
1.980792,0.02586,0.00878,-0.00146,0.0000
1.981993,0.03026,0.01659,0.00098,0.0000
1.983193,0.02342,0.00927,0.00244,0.0000
1.984394,0.02001,0.00927,0.00342,0.0000
1.985594,0.02098,0.01122,-0.00244,0.0000
1.986795,0.02050,0.00830,0.00049,0.0000
1.987995,0.02196,0.00927,0.00439,0.0000
1.989196,0.02440,0.01122,0.00195,0.0000
1.990396,0.02830,0.01269,0.00244,0.0000
1.991597,0.02733,0.00830,0.00390,0.0000
1.992797,0.02635,0.01025,0.00146,0.0000
1.993998,0.02391,0.00927,0.00049,0.0000
1.995198,0.02294,0.01220,0.00781,0.0000
1.996399,0.02489,0.01269,-0.00439,0.0000
1.997599,0.02538,0.01122,0.00098,0.0000
1.998800,0.02586,0.01074,0.00195,0.0000
2.000000,0.02635,0.01562,0.00049,0.0000
2.001200,0.02489,0.00732,0.00000,0.0000
2.002401,0.01903,0.01513,-0.00098,0.0000
2.003601,0.02147,0.01171,0.00342,0.0000
2.004802,0.02245,0.00537,-0.00537,0.0000
2.006002,0.03026,0.01025,-0.00342,0.0000
2.007203,0.02391,0.00586,-0.00390,0.0000
2.008403,0.02684,0.00976,-0.00195,0.0000
2.009604,0.02928,0.00390,-0.00146,0.0000
2.010804,0.02586,0.01220,0.00098,0.0000
2.012005,0.02391,0.00781,0.00293,0.0000
2.013205,0.02391,0.01513,-0.00244,0.0000
2.014406,0.02196,0.00781,0.00000,0.0000
2.015606,0.02586,0.01025,0.00634,0.0000
2.016807,0.02830,0.00586,0.00244,0.0000
2.018007,0.02684,0.00976,-0.00439,0.0000
2.019208,0.02733,0.01025,0.00244,0.0000
2.020408,0.02733,0.01171,0.00049,0.0000
2.021609,0.03123,0.01757,0.00049,0.0000
2.022809,0.02294,0.01513,0.00146,0.0000
2.024010,0.02538,0.01220,0.00244,0.0000
2.025210,0.02733,0.00927,0.00098,0.0000
2.026411,0.02879,0.00927,0.00293,0.0000
2.027611,0.01757,0.00927,0.00146,0.0000
2.028812,0.02342,0.00732,0.00293,0.0000
2.030012,0.02440,0.01220,0.00195,0.0000
2.031212,0.02196,0.00976,-0.00244,0.0000
2.032413,0.02733,0.01171,-0.00439,0.0000
2.033613,0.02586,0.00927,0.00586,0.0000
2.034814,0.02391,0.01122,-0.00244,0.0000
2.036014,0.02001,0.01513,-0.00293,0.0000
2.037215,0.02098,0.01122,0.00342,0.0000
2.038415,0.02196,0.01269,0.00342,0.0000
2.039616,0.02635,0.00732,-0.00049,0.0000
2.040816,0.02147,0.00976,0.00390,0.0000
2.042017,0.01903,0.00878,-0.00146,0.0000
2.043217,0.02050,0.01171,-0.00098,0.0000
2.044418,0.02342,0.01122,-0.00390,0.0000
2.045618,0.03026,0.00830,0.00634,0.0000
2.046819,0.03270,0.01122,0.00049,0.0000
2.048019,0.02342,0.01074,0.00244,0.0000
2.049220,0.02782,0.00537,-0.00439,0.0000
2.050420,0.02928,0.01025,0.00146,0.0000
2.051621,0.02879,0.01366,-0.00537,0.0000
2.052821,0.02489,0.00732,-0.00195,0.0000
2.054022,0.02098,0.01366,0.00244,0.0000
2.055222,0.02342,0.01220,0.00439,0.0000
2.056423,0.01952,0.01074,0.00488,0.0000
2.057623,0.02586,0.01171,0.00000,0.0000
2.058824,0.02733,0.00781,-0.00342,0.0000
2.060024,0.01952,0.01220,0.00146,0.0000
2.061224,0.02489,0.00586,-0.00098,0.0000
2.062425,0.02586,0.00683,0.00244,0.0000
2.063625,0.02879,0.01171,0.00195,0.0000
2.064826,0.02928,0.00683,0.00537,0.0000
2.066026,0.02733,0.01610,0.00244,0.0000
2.067227,0.02294,0.01122,-0.00000,0.0000
2.068427,0.02391,0.01318,0.00146,0.0000
2.069628,0.02879,0.01318,-0.00049,0.0000
2.070828,0.02342,0.00927,-0.00098,0.0000
2.072029,0.02489,0.01025,-0.00146,0.0000
2.073229,0.02977,0.01171,-0.00049,0.0000
2.074430,0.02538,0.01025,-0.00146,0.0000
2.075630,0.02098,0.01513,0.00049,0.0000
2.076831,0.02391,0.01366,-0.00439,0.0000
2.078031,0.02684,0.01122,-0.00098,0.0000
2.079232,0.02440,0.01415,0.00195,0.0000
2.080432,0.02830,0.01074,-0.00195,0.0000
2.081633,0.02879,0.01269,-0.00293,0.0000
2.082833,0.02294,0.01074,0.00537,0.0000
2.084034,0.02342,0.00976,-0.00146,0.0000
2.085234,0.02489,0.00732,0.00537,0.0000
2.086435,0.02147,0.00830,-0.00000,0.0000
2.087635,0.02635,0.01025,0.00146,0.0000
2.088836,0.02440,0.01171,0.00293,0.0000
2.090036,0.02733,0.00390,-0.00195,0.0000
2.091236,0.02342,0.00927,-0.00195,0.0000
2.092437,0.02245,0.01220,0.00049,0.0000
2.093637,0.03074,0.00976,0.00000,0.0000
2.094838,0.02245,0.00683,0.00244,0.0000
2.096038,0.02342,0.00732,-0.00146,0.0000
2.097239,0.02294,0.01513,-0.00195,0.0000
2.098439,0.02391,0.00537,0.00098,0.0000
2.099640,0.02245,0.00927,-0.00195,0.0000
2.100840,0.02489,0.01269,-0.00244,0.0000
2.102041,0.02294,0.00439,0.00098,0.0000
2.103241,0.02391,0.01220,-0.00098,0.0000
2.104442,0.02586,0.00537,-0.00390,0.0000
2.105642,0.02733,0.01318,0.00293,0.0000
2.106843,0.02635,0.01806,-0.00049,0.0000
2.108043,0.02294,0.00634,-0.00634,0.0000
2.109244,0.02635,0.00976,-0.00195,0.0000
2.110444,0.02440,0.01122,0.00293,0.0000
2.111645,0.02489,0.00830,0.00000,0.0000
2.112845,0.02001,0.01171,-0.00195,0.0000
2.114046,0.02684,0.00830,0.00098,0.0000
2.115246,0.02440,0.00830,-0.00195,0.0000
2.116447,0.03026,0.00781,-0.00098,0.0000
2.117647,0.02684,0.01025,0.00146,0.0000
2.118848,0.02147,0.01171,-0.00293,0.0000
2.120048,0.02098,0.01318,0.00537,0.0000
2.121248,0.02830,0.00976,-0.00781,0.0000
2.122449,0.02245,0.00683,-0.00439,0.0000
2.123649,0.02684,0.00878,0.00293,0.0000
2.124850,0.02391,0.00878,0.00098,0.0000
2.126050,0.03123,0.00878,0.00586,0.0000
2.127251,0.02538,0.01171,0.00195,0.0000
2.128451,0.02977,0.00976,0.00342,0.0000
2.129652,0.02879,0.01025,0.00195,0.0000
2.130852,0.02342,0.01025,-0.00049,0.0000
2.132053,0.02391,0.00976,-0.00537,0.0000
2.133253,0.02928,0.00878,-0.00098,0.0000
2.134454,0.02489,0.01220,0.00146,0.0000
2.135654,0.02245,0.00976,0.00098,0.0000
2.136855,0.02879,0.00976,-0.00244,0.0000
2.138055,0.03270,0.00683,0.00293,0.0000
2.139256,0.02489,0.00781,-0.00098,0.0000
2.140456,0.02928,0.00830,-0.00293,0.0000
2.141657,0.02440,0.01171,0.00049,0.0000
2.142857,0.02928,0.00488,-0.00000,0.0000
2.144058,0.02440,0.01220,-0.00342,0.0000
2.145258,0.02928,0.01025,-0.00293,0.0000
2.146459,0.02684,0.00781,0.00049,0.0000
2.147659,0.02440,0.00732,0.00537,0.0000
2.148860,0.02586,0.01171,-0.00732,0.0000
2.150060,0.02342,0.01074,-0.00732,0.0000
2.151261,0.02196,0.00390,-0.00195,0.0000
2.152461,0.02196,0.00781,-0.00098,0.0000
2.153661,0.02489,0.00732,0.00244,0.0000
2.154862,0.02196,0.00976,-0.00488,0.0000
2.156062,0.02635,0.00830,0.00098,0.0000
2.157263,0.02684,0.01122,0.00098,0.0000
2.158463,0.02635,0.00830,0.00293,0.0000
2.159664,0.02391,0.00927,-0.00195,0.0000
2.160864,0.02538,0.01366,-0.00244,0.0000
2.162065,0.02489,0.00927,-0.00049,0.0000
2.163265,0.02928,0.00878,-0.00146,0.0000
2.164466,0.02294,0.01025,-0.00146,0.0000
2.165666,0.02391,0.00634,-0.00146,0.0000
2.166867,0.02440,0.00537,0.00244,0.0000
2.168067,0.02489,0.00976,-0.00049,0.0000
2.169268,0.02294,0.00830,-0.00049,0.0000
2.170468,0.02342,0.00586,0.00195,0.0000
2.171669,0.02830,0.01269,-0.00049,0.0000
2.172869,0.02342,0.01220,0.00098,0.0000
2.174070,0.02782,0.01074,-0.00439,0.0000
2.175270,0.03123,0.00830,0.00049,0.0000
2.176471,0.02928,0.00927,0.00049,0.0000
2.177671,0.02001,0.00830,-0.00146,0.0000
2.178872,0.02733,0.01269,-0.00146,0.0000
2.180072,0.02684,0.00586,-0.00244,0.0000
2.181273,0.02684,0.01074,0.00390,0.0000
2.182473,0.02050,0.01025,-0.00000,0.0000
2.183673,0.02733,0.00683,-0.00195,0.0000
2.184874,0.02196,0.01171,-0.00195,0.0000
2.186074,0.02928,0.00878,-0.00244,0.0000
2.187275,0.02830,0.01562,0.00098,0.0000
2.188475,0.03270,0.01366,0.00049,0.0000
2.189676,0.02391,0.00976,-0.00244,0.0000
2.190876,0.02050,0.00878,-0.00195,0.0000
2.192077,0.02830,0.00781,0.00098,0.0000
2.193277,0.02782,0.00781,-0.00342,0.0000
2.194478,0.02391,0.01074,0.00439,0.0000
2.195678,0.02928,0.00586,0.00049,0.0000
2.196879,0.02733,0.01269,-0.00146,0.0000
2.198079,0.02147,0.01220,0.00098,0.0000
2.199280,0.02391,0.00976,-0.00537,0.0000
2.200480,0.02391,0.01220,0.00195,0.0000
2.201681,0.02489,0.01708,-0.00146,0.0000
2.202881,0.02586,0.01074,0.00293,0.0000
2.204082,0.02294,0.01513,0.00293,0.0000
2.205282,0.02440,0.00927,-0.00244,0.0000
2.206483,0.02684,0.00830,0.00439,0.0000
2.207683,0.02489,0.01318,-0.00098,0.0000
2.208884,0.02440,0.00439,-0.00049,0.0000
2.210084,0.02440,0.01269,0.00342,0.0000
2.211285,0.02489,0.00976,0.00293,0.0000
2.212485,0.01952,0.00878,-0.00195,0.0000
2.213685,0.02586,0.01025,0.00049,0.0000
2.214886,0.02196,0.01025,-0.00146,0.0000
2.216086,0.02538,0.01366,-0.00244,0.0000
2.217287,0.02098,0.01269,-0.00195,0.0000
2.218487,0.02782,0.01074,0.00146,0.0000
2.219688,0.02586,0.00927,-0.00537,0.0000
2.220888,0.02098,0.00732,0.00098,0.0000
2.222089,0.02586,0.01074,-0.00244,0.0000
2.223289,0.02294,0.00244,-0.00098,0.0000
2.224490,0.03074,0.01269,0.00390,0.0000
2.225690,0.02684,0.00976,0.00146,0.0000
2.226891,0.02294,0.00488,-0.00098,0.0000
2.228091,0.02586,0.01171,0.00537,0.0000
2.229292,0.02489,0.00732,-0.00439,0.0000
2.230492,0.02879,0.00878,0.00000,0.0000
2.231693,0.02635,0.00488,0.00293,0.0000
2.232893,0.02684,0.00781,-0.00390,0.0000
2.234094,0.02196,0.01025,0.00146,0.0000
2.235294,0.02782,0.00976,-0.00049,0.0000
2.236495,0.03172,0.01074,0.00488,0.0000
2.237695,0.02733,0.00781,0.00244,0.0000
2.238896,0.02489,0.01171,0.00146,0.0000
2.240096,0.02586,0.00537,-0.00439,0.0000
2.241297,0.02245,0.00830,-0.00098,0.0000
2.242497,0.02586,0.00195,0.00488,0.0000
2.243697,0.02196,0.00927,0.00244,0.0000
2.244898,0.02538,0.00830,-0.00195,0.0000
2.246098,0.02391,0.00927,-0.00049,0.0000
2.247299,0.02294,0.01171,-0.00537,0.0000
2.248499,0.02684,0.01366,0.00049,0.0000
2.249700,0.02050,0.00634,-0.00293,0.0000
2.250900,0.02489,0.00927,-0.00439,0.0000
2.252101,0.02147,0.00390,-0.00293,0.0000
2.253301,0.03074,0.01562,0.00244,0.0000
2.254502,0.03123,0.01366,-0.00439,0.0000
2.255702,0.02782,0.01122,-0.00830,0.0000
2.256903,0.03074,0.01366,0.00634,0.0000
2.258103,0.02684,0.01269,-0.00146,0.0000
2.259304,0.02684,0.00830,-0.00146,0.0000
2.260504,0.02391,0.01220,-0.00342,0.0000
2.261705,0.02245,0.01366,0.00342,0.0000
2.262905,0.02538,0.01220,0.00195,0.0000
2.264106,0.02342,0.00976,0.00244,0.0000
2.265306,0.02391,0.00878,0.00146,0.0000
2.266507,0.02733,0.01708,0.00244,0.0000
2.267707,0.02489,0.01074,0.00146,0.0000
2.268908,0.02050,0.01171,-0.00049,0.0000
2.270108,0.02440,0.00586,0.00293,0.0000
2.271309,0.02294,0.01220,0.00049,0.0000
2.272509,0.02440,0.01074,-0.00146,0.0000
2.273709,0.02196,0.00732,0.00098,0.0000
2.274910,0.02879,0.01366,-0.00586,0.0000
2.276110,0.03074,0.00976,0.00049,0.0000
2.277311,0.02196,0.01171,-0.00195,0.0000
2.278511,0.02733,0.01122,-0.00439,0.0000
2.279712,0.02684,0.00781,0.00195,0.0000
2.280912,0.02196,0.01074,0.00586,0.0000
2.282113,0.02538,0.01415,0.00390,0.0000
2.283313,0.02928,0.00683,0.00195,0.0000
2.284514,0.02782,0.00683,-0.00244,0.0000
2.285714,0.03026,0.00732,-0.00439,0.0000
2.286915,0.02147,0.01220,-0.00098,0.0000
2.288115,0.02294,0.00878,-0.00195,0.0000
2.289316,0.02586,0.01074,0.00049,0.0000
2.290516,0.02635,0.01366,0.00537,0.0000
2.291717,0.02538,0.00683,0.00244,0.0000
2.292917,0.02391,0.01464,0.00098,0.0000
2.294118,0.02391,0.01025,0.00098,0.0000
2.295318,0.02342,0.00927,-0.00439,0.0000
2.296519,0.02635,0.01464,0.00195,0.0000
2.297719,0.01708,0.01122,0.00049,0.0000
2.298920,0.02977,0.00586,-0.00195,0.0000
2.300120,0.02342,0.00976,-0.00000,0.0000
2.301321,0.02098,0.00781,-0.00049,0.0000
2.302521,0.02684,0.01074,0.00195,0.0000
2.303721,0.02098,0.00878,-0.00146,0.0000
2.304922,0.02635,0.00878,0.00342,0.0000
2.306122,0.02391,0.01269,0.00000,0.0000
2.307323,0.02684,0.00488,-0.00146,0.0000
2.308523,0.02733,0.01074,0.00439,0.0000
2.309724,0.02879,0.00927,-0.00049,0.0000
2.310924,0.02342,0.01074,0.00000,0.0000
2.312125,0.02440,0.00293,-0.00293,0.0000
2.313325,0.02489,0.00732,0.00342,0.0000
2.314526,0.02098,0.00878,-0.00000,0.0000
2.315726,0.02684,0.01513,0.00146,0.0000
2.316927,0.02538,0.00634,-0.00098,0.0000
2.318127,0.02098,0.00683,0.00098,0.0000
2.319328,0.02879,0.00927,-0.00390,0.0000
2.320528,0.02928,0.01074,-0.00146,0.0000
2.321729,0.02098,0.00830,-0.00390,0.0000
2.322929,0.02684,0.01025,-0.00098,0.0000
2.324130,0.02879,0.00488,0.00244,0.0000
2.325330,0.02782,0.01513,-0.00146,0.0000
2.326531,0.02196,0.00878,-0.00000,0.0000
2.327731,0.02098,0.01025,0.00049,0.0000
2.328932,0.02489,0.01806,0.00488,0.0000
2.330132,0.02342,0.00830,0.00244,0.0000
2.331333,0.02489,0.00634,-0.00488,0.0000
2.332533,0.02489,0.00683,0.00390,0.0000
2.333733,0.02684,0.01513,-0.00488,0.0000
2.334934,0.02342,0.00927,-0.00439,0.0000
2.336134,0.02440,0.00781,0.00049,0.0000
2.337335,0.03416,0.00976,0.00488,0.0000
2.338535,0.02489,0.00976,-0.00244,0.0000
2.339736,0.02733,0.01318,-0.00342,0.0000
2.340936,0.02586,0.01220,-0.00098,0.0000
2.342137,0.02586,0.01122,0.00049,0.0000
2.343337,0.02245,0.01122,0.00390,0.0000
2.344538,0.02684,0.00781,0.00000,0.0000
2.345738,0.02489,0.00634,-0.00098,0.0000
2.346939,0.02733,0.01122,-0.00146,0.0000
2.348139,0.03123,0.01171,0.00049,0.0000
2.349340,0.02586,0.01074,0.00146,0.0000
2.350540,0.02733,0.01074,-0.00293,0.0000
2.351741,0.02196,0.01171,-0.00049,0.0000
2.352941,0.02538,0.00634,0.00195,0.0000
2.354142,0.02977,0.00878,0.00634,0.0000
2.355342,0.02489,0.00732,0.00146,0.0000
2.356543,0.02294,0.00439,-0.00683,0.0000
2.357743,0.02586,0.01171,-0.00195,0.0000
2.358944,0.02440,0.00927,0.00098,0.0000
2.360144,0.02440,0.01122,-0.00098,0.0000
2.361345,0.02391,0.01171,0.00342,0.0000
2.362545,0.03123,0.00732,-0.00098,0.0000
2.363745,0.02245,0.01464,0.00146,0.0000
2.364946,0.02391,0.01074,0.00146,0.0000
2.366146,0.02342,0.01318,-0.00146,0.0000
2.367347,0.02879,0.01513,-0.00146,0.0000
2.368547,0.02440,0.00878,-0.00098,0.0000
2.369748,0.02879,0.00830,-0.00342,0.0000
2.370948,0.02538,0.01074,0.00000,0.0000
2.372149,0.02489,0.01318,-0.00195,0.0000
2.373349,0.02050,0.01366,-0.00000,0.0000
2.374550,0.02879,0.00390,-0.00342,0.0000
2.375750,0.02684,0.01415,0.00488,0.0000
2.376951,0.02635,0.00878,0.00146,0.0000
2.378151,0.02489,0.01171,0.00390,0.0000
2.379352,0.02391,0.00586,-0.00195,0.0000
2.380552,0.02147,0.00732,-0.00098,0.0000
2.381753,0.02782,0.01122,0.00146,0.0000
2.382953,0.02586,0.00488,0.00098,0.0000
2.384154,0.02391,0.01220,0.00098,0.0000
2.385354,0.02294,0.00830,0.00244,0.0000
2.386555,0.02538,0.01074,0.00146,0.0000
2.387755,0.02489,0.01025,0.00342,0.0000
2.388956,0.02977,0.00830,-0.00146,0.0000
2.390156,0.02733,0.01415,0.00293,0.0000
2.391357,0.02342,0.01708,-0.01074,0.0000
2.392557,0.02196,0.01171,0.00098,0.0000
2.393758,0.02440,0.00488,-0.00098,0.0000
2.394958,0.02245,0.01025,-0.00146,0.0000
2.396158,0.02538,0.00927,-0.00000,0.0000
2.397359,0.02635,0.01269,-0.00049,0.0000
2.398559,0.02684,0.01025,0.00098,0.0000
2.399760,0.02635,0.01659,-0.00293,0.0000
2.400960,0.02440,0.01220,-0.00195,0.0000
2.402161,0.02684,0.01171,0.00098,0.0000
2.403361,0.02245,0.00878,-0.00146,0.0000
2.404562,0.02489,0.00732,-0.00146,0.0000
2.405762,0.02733,0.00976,0.00146,0.0000
2.406963,0.02586,0.01074,0.00049,0.0000
2.408163,0.02147,0.01122,-0.00146,0.0000
2.409364,0.02147,0.01074,-0.00244,0.0000
2.410564,0.02001,0.00927,0.00146,0.0000
2.411765,0.03026,0.01025,0.00244,0.0000
2.412965,0.02050,0.00878,0.00195,0.0000
2.414166,0.02489,0.00683,0.00146,0.0000
2.415366,0.03074,0.00732,-0.00098,0.0000
2.416567,0.02830,0.01171,-0.00244,0.0000
2.417767,0.02928,0.01220,-0.00049,0.0000
2.418968,0.02342,0.00927,-0.00049,0.0000
2.420168,0.02733,0.00976,-0.00195,0.0000
2.421369,0.03416,0.01171,0.00049,0.0000
2.422569,0.02489,0.00976,0.00830,0.0000
2.423770,0.02635,0.01952,-0.00146,0.0000
2.424970,0.02391,0.01025,-0.00098,0.0000
2.426170,0.02489,0.00830,0.00195,0.0000
2.427371,0.02635,0.00439,-0.00244,0.0000
2.428571,0.02928,0.01074,-0.00146,0.0000
2.429772,0.02245,0.01318,-0.00146,0.0000
2.430972,0.02098,0.00976,-0.00049,0.0000
2.432173,0.02538,0.01366,0.00244,0.0000
2.433373,0.02586,0.00830,0.00146,0.0000
2.434574,0.02928,0.00976,-0.00439,0.0000
2.435774,0.02733,0.00927,-0.00098,0.0000
2.436975,0.02342,0.00781,-0.00293,0.0000
2.438175,0.02684,0.00537,0.00098,0.0000
2.439376,0.02830,0.00732,-0.00146,0.0000
2.440576,0.02586,0.00439,0.00293,0.0000
2.441777,0.02391,0.01220,0.00586,0.0000
2.442977,0.02733,0.00927,-0.00098,0.0000
2.444178,0.02391,0.00976,0.00049,0.0000
2.445378,0.01952,0.00830,0.00195,0.0000
2.446579,0.02928,0.01269,-0.00195,0.0000
2.447779,0.02147,0.00732,-0.00439,0.0000
2.448980,0.02391,0.01513,0.00146,0.0000
2.450180,0.02391,0.01318,0.00098,0.0000
2.451381,0.02391,0.00781,-0.00586,0.0000
2.452581,0.02440,0.00927,-0.00049,0.0000
2.453782,0.02098,0.01171,-0.00146,0.0000
2.454982,0.02684,0.01366,-0.00195,0.0000
2.456182,0.02538,0.00781,-0.00000,0.0000
2.457383,0.02538,0.00830,-0.00439,0.0000
2.458583,0.02830,0.01757,-0.00439,0.0000
2.459784,0.02830,0.01269,0.00342,0.0000
2.460984,0.02928,0.01269,0.00146,0.0000
2.462185,0.03074,0.01562,-0.00049,0.0000
2.463385,0.02635,0.01122,0.00000,0.0000
2.464586,0.02050,0.00878,0.00098,0.0000
2.465786,0.02586,0.00488,-0.00000,0.0000
2.466987,0.02489,0.01269,0.00683,0.0000
2.468187,0.02538,0.00683,-0.00195,0.0000
2.469388,0.02342,0.01220,0.00146,0.0000
2.470588,0.02245,0.00390,-0.00342,0.0000
2.471789,0.02733,0.00878,0.00146,0.0000
2.472989,0.02782,0.00976,0.00488,0.0000
2.474190,0.02196,0.00634,-0.00049,0.0000
2.475390,0.02684,0.00830,-0.00244,0.0000
2.476591,0.02440,0.00732,-0.00488,0.0000
2.477791,0.02391,0.01025,0.00293,0.0000
2.478992,0.02733,0.00634,-0.00195,0.0000
2.480192,0.02489,0.00927,0.00049,0.0000
2.481393,0.02342,0.01415,0.00195,0.0000
2.482593,0.02538,0.01415,-0.00293,0.0000
2.483794,0.01903,0.01562,0.00000,0.0000
2.484994,0.02342,0.01122,0.00390,0.0000
2.486194,0.02391,0.00878,-0.00244,0.0000
2.487395,0.02098,0.01122,-0.00098,0.0000
2.488595,0.02538,0.01220,-0.00000,0.0000
2.489796,0.02586,0.01074,-0.00488,0.0000
2.490996,0.02342,0.01415,-0.00146,0.0000
2.492197,0.02440,0.00781,0.00244,0.0000
2.493397,0.02684,0.00927,0.00586,0.0000
2.494598,0.02830,0.00537,-0.00293,0.0000
2.495798,0.02294,0.00878,0.00000,0.0000
2.496999,0.02586,0.01366,0.00098,0.0000
2.498199,0.02830,0.01025,-0.00098,0.0000
2.499400,0.02489,0.01220,-0.00195,0.0000
2.500600,0.02294,0.01122,-0.00049,0.0000
2.501801,0.02294,0.01269,-0.00146,0.0000
2.503001,0.02391,0.00732,-0.00244,0.0000
2.504202,0.02196,0.01171,-0.00098,0.0000
2.505402,0.03123,0.01220,-0.00049,0.0000
2.506603,0.02342,0.01366,-0.00683,0.0000
2.507803,0.02635,0.01415,0.00049,0.0000
2.509004,0.02538,0.00830,-0.00049,0.0000
2.510204,0.02684,0.00586,0.00000,0.0000
2.511405,0.02391,0.00830,-0.00586,0.0000
2.512605,0.02098,0.01415,0.00586,0.0000
2.513806,0.02977,0.00683,-0.00000,0.0000
2.515006,0.02489,0.00586,-0.00488,0.0000
2.516206,0.02538,0.00586,0.00293,0.0000
2.517407,0.02538,0.00586,0.00195,0.0000
2.518607,0.02879,0.01220,-0.00146,0.0000
2.519808,0.02733,0.00781,0.00342,0.0000
2.521008,0.02830,0.00830,0.00146,0.0000
2.522209,0.02733,0.01366,-0.00293,0.0000
2.523409,0.02538,0.01269,-0.00195,0.0000
2.524610,0.02586,0.01269,0.00098,0.0000
2.525810,0.02294,0.00781,0.00488,0.0000
2.527011,0.01903,0.00488,-0.00146,0.0000
2.528211,0.02440,0.01122,0.00390,0.0000
2.529412,0.02196,0.01513,0.00049,0.0000
2.530612,0.03270,0.00878,-0.00195,0.0000
2.531813,0.02977,0.00927,0.00390,0.0000
2.533013,0.02830,0.00049,-0.00244,0.0000
2.534214,0.02342,0.01513,-0.00049,0.0000
2.535414,0.03123,0.00927,-0.00634,0.0000
2.536615,0.02001,0.00488,-0.00098,0.0000
2.537815,0.02147,0.00976,0.00244,0.0000
2.539016,0.02245,0.00830,-0.00390,0.0000
2.540216,0.02196,0.01171,-0.00439,0.0000
2.541417,0.02538,0.01659,0.00439,0.0000
2.542617,0.02538,0.00781,0.00195,0.0000
2.543818,0.03074,0.01025,-0.00244,0.0000
2.545018,0.02782,0.00878,-0.00000,0.0000
2.546218,0.02879,0.00781,0.00586,0.0000
2.547419,0.02635,0.01122,-0.00342,0.0000
2.548619,0.02440,0.01464,0.00293,0.0000
2.549820,0.02294,0.01122,0.00146,0.0000
2.551020,0.02050,0.00878,0.00098,0.0000
2.552221,0.02245,0.01171,-0.00049,0.0000
2.553421,0.02391,0.01074,0.00244,0.0000
2.554622,0.02733,0.01269,-0.00293,0.0000
2.555822,0.02001,0.00830,0.00049,0.0000
2.557023,0.02098,0.01025,0.00390,0.0000
2.558223,0.02586,0.01513,-0.00049,0.0000
2.559424,0.02196,0.01025,0.00049,0.0000
2.560624,0.02586,0.01269,0.00244,0.0000
2.561825,0.02391,0.00976,-0.00488,0.0000
2.563025,0.02294,0.01025,-0.00634,0.0000
2.564226,0.02098,0.00781,0.00390,0.0000
2.565426,0.02489,0.01854,0.00098,0.0000
2.566627,0.02294,0.01366,0.00146,0.0000
2.567827,0.02294,0.01366,-0.00146,0.0000
2.569028,0.02294,0.01366,0.00000,0.0000
2.570228,0.02538,0.00683,0.00244,0.0000
2.571429,0.02538,0.00781,-0.00000,0.0000
2.572629,0.02001,0.00927,-0.00146,0.0000
2.573830,0.02440,0.00488,-0.00244,0.0000
2.575030,0.02635,0.00732,-0.00439,0.0000
2.576230,0.02830,0.01269,-0.00732,0.0000
2.577431,0.02733,0.00342,-0.00146,0.0000
2.578631,0.02586,0.00732,-0.00146,0.0000
2.579832,0.02147,0.00976,0.00732,0.0000
2.581032,0.02245,0.00976,-0.00195,0.0000
2.582233,0.02782,0.00976,-0.00342,0.0000
2.583433,0.02294,0.00781,0.00537,0.0000
2.584634,0.02830,0.01269,-0.00244,0.0000
2.585834,0.02879,0.00293,-0.00098,0.0000
2.587035,0.02196,0.01122,0.00293,0.0000
2.588235,0.02635,0.00537,0.00293,0.0000
2.589436,0.02489,0.00781,0.00293,0.0000
2.590636,0.03123,0.00976,0.00195,0.0000
2.591837,0.02733,0.01464,-0.00293,0.0000
2.593037,0.02342,0.00732,-0.00195,0.0000
2.594238,0.02635,0.00586,-0.00146,0.0000
2.595438,0.02245,0.01269,0.00195,0.0000
2.596639,0.02440,0.00976,-0.00049,0.0000
2.597839,0.02538,0.01025,0.00342,0.0000
2.599040,0.02538,0.01171,0.00098,0.0000
2.600240,0.02586,0.01318,0.00098,0.0000
2.601441,0.02245,0.01025,-0.00634,0.0000
2.602641,0.01952,0.00342,0.00049,0.0000
2.603842,0.02391,0.00927,-0.00293,0.0000
2.605042,0.02245,0.01025,0.00293,0.0000
2.606242,0.02294,0.00634,-0.00049,0.0000
2.607443,0.03123,0.00683,0.00244,0.0000
2.608643,0.02830,0.01171,0.00195,0.0000
2.609844,0.02440,0.01074,-0.00146,0.0000
2.611044,0.02050,0.00732,-0.00195,0.0000
2.612245,0.02098,0.01171,0.00342,0.0000
2.613445,0.02586,0.01025,0.00439,0.0000
2.614646,0.02830,0.00634,-0.00195,0.0000
2.615846,0.02391,0.00927,-0.00439,0.0000
2.617047,0.02538,0.00586,0.00293,0.0000
2.618247,0.02586,0.00732,-0.00390,0.0000
2.619448,0.02830,0.01074,0.00000,0.0000
2.620648,0.01952,0.00634,-0.00586,0.0000
2.621849,0.02538,0.00634,0.00342,0.0000
2.623049,0.02635,0.01122,0.00146,0.0000
2.624250,0.02782,0.00683,-0.00098,0.0000
2.625450,0.02635,0.00927,-0.00342,0.0000
2.626651,0.02147,0.00927,-0.00830,0.0000
2.627851,0.02342,0.00927,-0.00000,0.0000
2.629052,0.02050,0.01122,0.00244,0.0000
2.630252,0.02538,0.00878,0.00098,0.0000
2.631453,0.02538,0.00781,-0.00390,0.0000
2.632653,0.02635,0.00878,0.00244,0.0000
2.633854,0.02196,0.01366,0.00146,0.0000
2.635054,0.02147,0.01269,-0.00439,0.0000
2.636255,0.02977,0.00976,-0.00488,0.0000
2.637455,0.02538,0.01366,-0.00293,0.0000
2.638655,0.03026,0.01220,0.00390,0.0000
2.639856,0.02635,0.00683,-0.00146,0.0000
2.641056,0.02050,0.01464,0.00537,0.0000
2.642257,0.02733,0.01854,0.00390,0.0000
2.643457,0.02879,0.01122,-0.00488,0.0000
2.644658,0.02342,0.00537,-0.00049,0.0000
2.645858,0.01903,0.01464,0.01025,0.0000
2.647059,0.02684,0.01171,0.00000,0.0000
2.648259,0.02440,0.00976,0.00244,0.0000
2.649460,0.02586,0.00390,0.00146,0.0000
2.650660,0.01708,0.00976,-0.00049,0.0000
2.651861,0.02635,0.00927,-0.00195,0.0000
2.653061,0.01659,0.00927,0.00098,0.0000
2.654262,0.02245,0.00878,0.00146,0.0000
2.655462,0.02782,0.01269,0.00195,0.0000
2.656663,0.01952,0.00878,0.00293,0.0000
2.657863,0.01952,0.01122,-0.00293,0.0000
2.659064,0.02342,0.00439,-0.00244,0.0000
2.660264,0.02977,0.00683,0.00244,0.0000
2.661465,0.02977,0.00976,0.00049,0.0000
2.662665,0.02294,0.00732,-0.00537,0.0000
2.663866,0.02782,0.01025,-0.00244,0.0000
2.665066,0.02684,0.00976,0.00732,0.0000
2.666267,0.02586,0.01074,-0.00098,0.0000
2.667467,0.02586,0.00878,-0.00049,0.0000
2.668667,0.02294,0.01171,0.00146,0.0000
2.669868,0.02733,0.00586,0.00146,0.0000
2.671068,0.02830,0.00878,-0.00390,0.0000
2.672269,0.03318,0.01464,-0.00195,0.0000
2.673469,0.02782,0.00878,0.00488,0.0000
2.674670,0.01757,0.01464,-0.00293,0.0000
2.675870,0.02147,0.01122,0.00049,0.0000
2.677071,0.02586,0.00927,0.00439,0.0000
2.678271,0.02538,0.01025,-0.00000,0.0000
2.679472,0.01952,0.01464,-0.00000,0.0000
2.680672,0.02440,0.00927,-0.00244,0.0000
2.681873,0.02391,0.00683,-0.00195,0.0000
2.683073,0.02489,0.01171,0.00342,0.0000
2.684274,0.02440,0.01220,0.00195,0.0000
2.685474,0.02782,0.01269,0.00098,0.0000
2.686675,0.02928,0.00537,-0.00146,0.0000
2.687875,0.02684,0.01122,0.00537,0.0000
2.689076,0.02147,0.01025,0.00537,0.0000
2.690276,0.02245,0.00927,0.00049,0.0000
2.691477,0.02294,0.00878,-0.00244,0.0000
2.692677,0.02489,0.01122,-0.00293,0.0000
2.693878,0.02391,0.00976,0.00683,0.0000
2.695078,0.02391,0.00976,0.00781,0.0000
2.696279,0.02245,0.01610,-0.00195,0.0000
2.697479,0.02782,0.01025,0.00098,0.0000
2.698679,0.02733,0.00634,-0.00586,0.0000
2.699880,0.02782,0.00732,-0.00244,0.0000
2.701080,0.02489,0.00781,0.00586,0.0000
2.702281,0.02635,0.00537,0.00244,0.0000
2.703481,0.02245,0.01318,0.00293,0.0000
2.704682,0.02196,0.01562,-0.00098,0.0000
2.705882,0.02342,0.00830,-0.00293,0.0000
2.707083,0.02684,0.01269,-0.00098,0.0000
2.708283,0.02440,0.00781,0.00342,0.0000
2.709484,0.02147,0.00781,0.00146,0.0000
2.710684,0.02538,0.00488,0.00195,0.0000
2.711885,0.02635,0.00976,0.00195,0.0000
2.713085,0.02538,0.01366,-0.00195,0.0000
2.714286,0.02294,0.01366,0.00049,0.0000
2.715486,0.02538,0.01171,-0.00244,0.0000
2.716687,0.02391,0.00927,-0.00293,0.0000
2.717887,0.02391,0.01366,0.00146,0.0000
2.719088,0.02489,0.01513,-0.00390,0.0000
2.720288,0.02733,0.00781,0.00488,0.0000
2.721489,0.03026,0.01074,0.00098,0.0000
2.722689,0.02977,0.00976,-0.00390,0.0000
2.723890,0.02684,0.00830,-0.00146,0.0000
2.725090,0.02391,0.00634,-0.00293,0.0000
2.726291,0.02391,0.00732,0.00293,0.0000
2.727491,0.02440,0.01025,0.00195,0.0000
2.728691,0.02830,0.01074,0.00049,0.0000
2.729892,0.01659,0.01025,0.00537,0.0000
2.731092,0.02586,0.01366,0.00049,0.0000
2.732293,0.01903,0.00781,-0.00049,0.0000
2.733493,0.02489,0.00634,-0.00244,0.0000
2.734694,0.02879,0.00634,-0.00342,0.0000
2.735894,0.02245,0.01122,0.00146,0.0000
2.737095,0.01806,0.00830,0.00244,0.0000
2.738295,0.02879,0.00488,-0.00000,0.0000
2.739496,0.02928,0.01269,0.00098,0.0000
2.740696,0.02635,0.01415,0.00049,0.0000
2.741897,0.02879,0.01074,0.00537,0.0000
2.743097,0.02245,0.01171,0.00098,0.0000
2.744298,0.02830,0.00586,0.00390,0.0000
2.745498,0.03026,0.00586,-0.00049,0.0000
2.746699,0.02684,0.01025,-0.00244,0.0000
2.747899,0.02586,0.01074,-0.00439,0.0000
2.749100,0.02879,0.00927,-0.00342,0.0000
2.750300,0.02830,0.00927,0.00146,0.0000
2.751501,0.02294,0.00830,-0.00293,0.0000
2.752701,0.02928,0.01415,0.00342,0.0000
2.753902,0.02733,0.00732,-0.00098,0.0000
2.755102,0.02538,0.00976,-0.00537,0.0000
2.756303,0.02879,0.01318,0.00049,0.0000
2.757503,0.02782,0.00683,-0.00146,0.0000
2.758703,0.02733,0.01025,0.00586,0.0000
2.759904,0.02342,0.00976,0.00195,0.0000
2.761104,0.02733,0.01171,-0.00293,0.0000
2.762305,0.02147,0.00244,0.00049,0.0000
2.763505,0.02440,0.00927,-0.00439,0.0000
2.764706,0.02001,0.00781,-0.00488,0.0000
2.765906,0.02001,0.01318,-0.00000,0.0000
2.767107,0.02635,0.00976,0.00146,0.0000
2.768307,0.02489,0.00830,-0.00146,0.0000
2.769508,0.02538,0.01269,0.00342,0.0000
2.770708,0.02684,0.01171,-0.00537,0.0000
2.771909,0.02586,0.01318,0.00146,0.0000
2.773109,0.02245,0.01318,0.00098,0.0000
2.774310,0.02538,0.01220,-0.00439,0.0000
2.775510,0.02489,0.00830,0.00146,0.0000
2.776711,0.02342,0.01074,-0.00098,0.0000
2.777911,0.02440,0.01074,0.00342,0.0000
2.779112,0.02391,0.01122,-0.00488,0.0000
2.780312,0.02294,0.01122,0.00195,0.0000
2.781513,0.02391,0.01025,-0.00098,0.0000
2.782713,0.02586,0.00878,0.00439,0.0000
2.783914,0.03123,0.00976,0.00781,0.0000
2.785114,0.02245,0.00683,-0.00098,0.0000
2.786315,0.02635,0.00732,-0.00098,0.0000
2.787515,0.02050,0.01220,-0.00049,0.0000
2.788715,0.02977,0.00927,-0.00049,0.0000
2.789916,0.02391,0.01025,0.00293,0.0000
2.791116,0.02538,0.00830,-0.00146,0.0000
2.792317,0.02879,0.00488,-0.00244,0.0000
2.793517,0.02782,0.00878,-0.00000,0.0000
2.794718,0.02050,0.01464,-0.00000,0.0000
2.795918,0.02684,0.00976,0.00439,0.0000
2.797119,0.02440,0.00781,-0.00146,0.0000
2.798319,0.02684,0.01220,-0.00195,0.0000
2.799520,0.02538,0.00878,0.00195,0.0000
2.800720,0.02733,0.00830,0.00146,0.0000
2.801921,0.02586,0.00537,-0.00293,0.0000
2.803121,0.02440,0.00488,-0.00098,0.0000
2.804322,0.02830,0.01122,-0.00439,0.0000
2.805522,0.02050,0.01025,0.00244,0.0000
2.806723,0.02391,0.01025,-0.00244,0.0000
2.807923,0.02196,0.01220,-0.00195,0.0000
2.809124,0.02440,0.00878,-0.00146,0.0000
2.810324,0.02391,0.01025,-0.00293,0.0000
2.811525,0.02440,0.00732,0.00000,0.0000
2.812725,0.02342,0.00732,0.00244,0.0000
2.813926,0.02342,0.00781,0.00098,0.0000
2.815126,0.02001,0.01269,0.00634,0.0000
2.816327,0.02489,0.01220,0.00049,0.0000
2.817527,0.02586,0.00683,-0.00537,0.0000
2.818727,0.02342,0.00927,-0.00000,0.0000
2.819928,0.02294,0.01025,-0.00195,0.0000
2.821128,0.02294,0.00781,0.00293,0.0000
2.822329,0.03026,0.01220,-0.00098,0.0000
2.823529,0.02538,0.00781,0.00098,0.0000
2.824730,0.02635,0.00878,-0.00439,0.0000
2.825930,0.02391,0.00878,-0.00244,0.0000
2.827131,0.02342,0.00439,0.00049,0.0000
2.828331,0.02245,0.00488,-0.00098,0.0000
2.829532,0.02977,0.00732,-0.00000,0.0000
2.830732,0.02001,0.01366,0.00488,0.0000
2.831933,0.02586,0.01171,-0.00390,0.0000
2.833133,0.02489,0.01122,-0.00390,0.0000
2.834334,0.02440,0.00830,0.00390,0.0000
2.835534,0.02050,0.00878,0.00049,0.0000
2.836735,0.02147,0.01025,-0.00195,0.0000
2.837935,0.02782,0.01074,0.00098,0.0000
2.839136,0.02294,0.00537,0.00293,0.0000
2.840336,0.02782,0.00781,-0.00244,0.0000
2.841537,0.02684,0.00781,0.00293,0.0000
2.842737,0.02684,0.01415,-0.00049,0.0000
2.843938,0.02733,0.00830,0.00439,0.0000
2.845138,0.02147,0.00732,-0.00683,0.0000
2.846339,0.02342,0.01220,0.00537,0.0000
2.847539,0.02684,0.00878,-0.00049,0.0000
2.848739,0.02098,0.01269,0.00342,0.0000
2.849940,0.02977,0.00732,-0.00195,0.0000
2.851140,0.02342,0.01562,0.00146,0.0000
2.852341,0.02489,0.00976,0.00342,0.0000
2.853541,0.02196,0.01025,0.00049,0.0000
2.854742,0.02586,0.00927,-0.00146,0.0000
2.855942,0.02294,0.00976,-0.00244,0.0000
2.857143,0.02440,0.01025,-0.00195,0.0000
2.858343,0.02147,0.00878,0.00244,0.0000
2.859544,0.02879,0.01366,-0.00293,0.0000
2.860744,0.02001,0.00342,0.00195,0.0000
2.861945,0.02635,0.00634,0.00000,0.0000
2.863145,0.02586,0.00878,-0.00049,0.0000
2.864346,0.02635,0.00976,-0.00195,0.0000
2.865546,0.02196,0.01415,-0.00146,0.0000
2.866747,0.02830,0.01171,-0.00586,0.0000
2.867947,0.02782,0.00976,0.00195,0.0000
2.869148,0.02538,0.00781,-0.00146,0.0000
2.870348,0.02586,0.01610,0.00390,0.0000
2.871549,0.02440,0.01269,-0.00244,0.0000
2.872749,0.02684,0.01757,-0.00244,0.0000
2.873950,0.02245,0.00537,-0.00000,0.0000
2.875150,0.02684,0.01513,-0.00146,0.0000
2.876351,0.02635,0.00976,-0.00342,0.0000
2.877551,0.02098,0.00732,-0.00634,0.0000
2.878752,0.01708,0.01025,-0.00244,0.0000
2.879952,0.02489,0.01025,-0.00195,0.0000
2.881152,0.02440,0.00927,0.00195,0.0000
2.882353,0.02879,0.00586,0.00195,0.0000
2.883553,0.02538,0.00878,-0.00293,0.0000
2.884754,0.02342,0.00634,0.00244,0.0000
2.885954,0.02098,0.01025,-0.00293,0.0000
2.887155,0.02489,0.00586,-0.00195,0.0000
2.888355,0.02342,0.01074,-0.00146,0.0000
2.889556,0.02147,0.00878,-0.00293,0.0000
2.890756,0.02440,0.01269,0.00244,0.0000
2.891957,0.02830,0.00781,0.00439,0.0000
2.893157,0.02538,0.00586,-0.00293,0.0000
2.894358,0.02196,0.00586,0.00098,0.0000
2.895558,0.02586,0.01074,-0.00000,0.0000
2.896759,0.02147,0.02196,0.00146,0.0000
2.897959,0.02050,0.00586,-0.00195,0.0000
2.899160,0.02635,0.00830,0.00390,0.0000
2.900360,0.02342,0.01464,0.00195,0.0000
2.901561,0.02830,0.01171,0.00146,0.0000
2.902761,0.02586,0.01366,0.00634,0.0000
2.903962,0.02245,0.01074,-0.00195,0.0000
2.905162,0.02586,0.01122,-0.00000,0.0000
2.906363,0.02879,0.01025,0.00195,0.0000
2.907563,0.02440,0.00634,0.00293,0.0000
2.908764,0.02196,0.01074,0.00049,0.0000
2.909964,0.02294,0.00683,0.00195,0.0000
2.911164,0.02245,0.01171,0.00439,0.0000
2.912365,0.02147,0.00195,-0.00049,0.0000
2.913565,0.02098,0.00342,-0.00049,0.0000
2.914766,0.02635,0.00927,0.00049,0.0000
2.915966,0.02830,0.01025,-0.00732,0.0000
2.917167,0.02391,0.01513,0.00195,0.0000
2.918367,0.02733,0.00732,0.00146,0.0000
2.919568,0.02782,0.01171,0.00586,0.0000
2.920768,0.03026,0.00439,-0.00390,0.0000
2.921969,0.02440,0.01708,0.00098,0.0000
2.923169,0.02391,0.00195,0.00146,0.0000
2.924370,0.02635,0.01415,0.00195,0.0000
2.925570,0.02538,0.00878,-0.00342,0.0000
2.926771,0.02586,0.00439,-0.00927,0.0000
2.927971,0.02879,0.00781,0.00000,0.0000
2.929172,0.02391,0.01220,0.00098,0.0000
2.930372,0.02586,0.00927,0.00098,0.0000
2.931573,0.02196,0.00732,-0.00195,0.0000
2.932773,0.02440,0.01025,-0.00244,0.0000
2.933974,0.02294,0.00976,-0.00049,0.0000
2.935174,0.02294,0.01220,-0.00293,0.0000
2.936375,0.02440,0.01171,-0.00293,0.0000
2.937575,0.02342,0.00830,0.00098,0.0000
2.938776,0.02635,0.00732,0.00146,0.0000
2.939976,0.02733,0.00976,-0.00342,0.0000
2.941176,0.02050,0.00927,-0.00537,0.0000
2.942377,0.02782,0.01025,-0.00293,0.0000
2.943577,0.01854,0.00634,0.00195,0.0000
2.944778,0.02586,0.00976,-0.00098,0.0000
2.945978,0.02733,0.00732,0.00195,0.0000
2.947179,0.02294,0.01122,0.00195,0.0000
2.948379,0.02440,0.01025,0.00342,0.0000
2.949580,0.02245,0.00878,-0.00098,0.0000
2.950780,0.02782,0.00488,0.00049,0.0000
2.951981,0.01562,0.01269,0.00244,0.0000
2.953181,0.02196,0.00683,-0.00146,0.0000
2.954382,0.01903,0.00830,-0.00293,0.0000
2.955582,0.02538,0.00927,0.00342,0.0000
2.956783,0.02879,0.01074,0.00439,0.0000
2.957983,0.02879,0.00781,-0.00244,0.0000
2.959184,0.02684,0.00781,0.00146,0.0000
2.960384,0.02586,0.00537,0.00146,0.0000
2.961585,0.02294,0.01269,0.00049,0.0000
2.962785,0.02879,0.00830,-0.00098,0.0000
2.963986,0.02684,0.00830,-0.00244,0.0000
2.965186,0.02245,0.00342,-0.00342,0.0000
2.966387,0.02098,0.00781,0.00293,0.0000
2.967587,0.02294,0.01220,-0.00000,0.0000
2.968788,0.02830,0.01269,0.00195,0.0000
2.969988,0.02879,0.00634,-0.00537,0.0000
2.971188,0.02977,0.00976,0.00293,0.0000
2.972389,0.02245,0.01171,0.00293,0.0000
2.973589,0.02391,0.00537,0.00098,0.0000
2.974790,0.02928,0.00830,0.00634,0.0000
2.975990,0.02586,0.01171,0.00049,0.0000
2.977191,0.02733,0.01269,0.00049,0.0000
2.978391,0.02098,0.00537,-0.00293,0.0000
2.979592,0.02391,0.00634,-0.00195,0.0000
2.980792,0.02489,0.01318,0.00146,0.0000
2.981993,0.02391,0.00830,0.00098,0.0000
2.983193,0.02391,0.01074,0.00342,0.0000
2.984394,0.02001,0.00634,-0.00195,0.0000
2.985594,0.02977,0.01318,0.00146,0.0000
2.986795,0.02538,0.01074,-0.00293,0.0000
2.987995,0.02050,0.01366,-0.00049,0.0000
2.989196,0.02830,0.00683,-0.00195,0.0000
2.990396,0.02538,0.00781,-0.00683,0.0000
2.991597,0.02733,0.00586,0.00244,0.0000
2.992797,0.02440,0.00586,-0.00293,0.0000
2.993998,0.02245,0.00537,-0.00293,0.0000
2.995198,0.02294,0.01025,0.00049,0.0000
2.996399,0.02586,0.00683,-0.00342,0.0000
2.997599,0.02733,0.00927,-0.00293,0.0000
2.998800,0.02635,0.00732,-0.00781,0.0000
